"x","y","valid_ha","stable_ha","sustained_ha","endpoint_ha","unsettled_ha","stable_flicker_ha"
612322.648224166,6146890.06916606,0.16,0.16,0,0,0,0
613322.648224166,6146890.06916606,1.73,1.73,0,0,0,0
611322.648224166,6145890.06916606,0.03,0.03,0,0,0,0
612322.648224166,6145890.06916606,0.1,0.1,0,0,0,0
613322.648224166,6145890.06916606,3.11,3.11,0,0,0,0
614322.648224166,6145890.06916606,0.38,0.38,0,0,0,0
610322.648224166,6144890.06916606,1.24,1.24,0,0,0,0
611322.648224166,6144890.06916606,0.99,0.99,0,0,0,0
612322.648224166,6144890.06916606,0.78,0.78,0,0,0,0
613322.648224166,6144890.06916606,0.71,0.71,0,0,0,0
614322.648224166,6144890.06916606,3.19,3.19,0,0,0,0
615322.648224166,6144890.06916606,2.51,2.51,0,0,0,0
609322.648224166,6143890.06916606,0.23,0.1,0,0,0,0.13
610322.648224166,6143890.06916606,1.66,1.48,0,0,0,0.18
614322.648224166,6143890.06916606,2.69,2.69,0,0,0,0
615322.648224166,6143890.06916606,16.06,16.06,0,0,0,0
616322.648224166,6143890.06916606,1.8,1.8,0,0,0,0
617322.648224166,6143890.06916606,0.52,0.52,0,0,0,0
609322.648224166,6142890.06916606,0.49,0.49,0,0,0,0
614322.648224166,6142890.06916606,12.43,12.43,0,0,0,0
617322.648224166,6142890.06916606,4.94,4.78,0,0,0,0.16
613322.648224166,6141890.06916606,4.72,4.72,0,0,0,0
614322.648224166,6141890.06916606,3.55,3.55,0,0,0,0
617322.648224166,6141890.06916606,2.34,2.34,0,0,0,0
618322.648224166,6141890.06916606,2.98,2.98,0,0,0,0
613322.648224166,6140890.06916606,2.1,2.1,0,0,0,0
619322.648224166,6140890.06916606,0.16,0.16,0,0,0,0
620322.648224166,6140890.06916606,1.22,1.22,0,0,0,0
612322.648224166,6139890.06916606,3.2,3.2,0,0,0,0
612322.648224166,6138890.06916606,1.67,1.67,0,0,0,0
611322.648224166,6137890.06916606,0.84,0.84,0,0,0,0
612322.648224166,6137890.06916606,1.16,1.16,0,0,0,0
617322.648224166,6137890.06916606,2.41,2.41,0,0,0,0
618322.648224166,6137890.06916606,1.41,1.41,0,0,0,0
619322.648224166,6137890.06916606,0.32,0.32,0,0,0,0
603322.648224166,6136890.06916606,4.8,4.8,0,0,0,0
611322.648224166,6136890.06916606,3.02,3.02,0,0,0,0
616322.648224166,6136890.06916606,1.09,1.04,0,0.05,0,0
617322.648224166,6136890.06916606,1.89,1.89,0,0,0,0
630322.648224166,6136890.06916606,0.44,0.44,0,0,0,0
602322.648224166,6135890.06916606,0.7,0.7,0,0,0,0
603322.648224166,6135890.06916606,49.18,42.23,0.61,0,0,6.34
604322.648224166,6135890.06916606,8.56,8.56,0,0,0,0
611322.648224166,6135890.06916606,1.79,1.79,0,0,0,0
612322.648224166,6135890.06916606,0.59,0.59,0,0,0,0
616322.648224166,6135890.06916606,1.73,1.42,0,0.31,0,0
626322.648224166,6135890.06916606,0.48,0.48,0,0,0,0
630322.648224166,6135890.06916606,1.42,1.42,0,0,0,0
602322.648224166,6134890.06916606,1.4,1.4,0,0,0,0
603322.648224166,6134890.06916606,0.05,0.05,0,0,0,0
604322.648224166,6134890.06916606,0.77,0.77,0,0,0,0
611322.648224166,6134890.06916606,1.59,1.59,0,0,0,0
612322.648224166,6134890.06916606,0.86,0.86,0,0,0,0
616322.648224166,6134890.06916606,1.72,1.13,0,0.59,0,0
617322.648224166,6134890.06916606,0.81,0.77,0,0.04,0,0
626322.648224166,6134890.06916606,10.8,10.8,0,0,0,0
628322.648224166,6134890.06916606,0.05,0.05,0,0,0,0
629322.648224166,6134890.06916606,5.08,5.08,0,0,0,0
630322.648224166,6134890.06916606,4.35,4.35,0,0,0,0
634322.648224166,6134890.06916606,0.84,0.84,0,0,0,0
605322.648224166,6133890.06916606,0.9,0.9,0,0,0,0
606322.648224166,6133890.06916606,1.46,1.46,0,0,0,0
607322.648224166,6133890.06916606,0.18,0.18,0,0,0,0
611322.648224166,6133890.06916606,2.01,2.01,0,0,0,0
612322.648224166,6133890.06916606,0.83,0.83,0,0,0,0
613322.648224166,6133890.06916606,2.19,2.19,0,0,0,0
614322.648224166,6133890.06916606,0.34,0.34,0,0,0,0
617322.648224166,6133890.06916606,0.62,0.62,0,0,0,0
624322.648224166,6133890.06916606,0.97,0.97,0,0,0,0
625322.648224166,6133890.06916606,6.65,6.65,0,0,0,0
626322.648224166,6133890.06916606,3.57,3.57,0,0,0,0
627322.648224166,6133890.06916606,1.94,1.94,0,0,0,0
628322.648224166,6133890.06916606,2.09,2.09,0,0,0,0
629322.648224166,6133890.06916606,0.34,0.34,0,0,0,0
630322.648224166,6133890.06916606,11.58,11.58,0,0,0,0
631322.648224166,6133890.06916606,32.99,32.73,0,0.26,0,0
632322.648224166,6133890.06916606,16.39,16.04,0,0.35,0,0
633322.648224166,6133890.06916606,2.68,2.42,0,0.05,0.01,0.2
634322.648224166,6133890.06916606,9.67,9.67,0,0,0,0
607322.648224166,6132890.06916606,2.01,2.01,0,0,0,0
608322.648224166,6132890.06916606,0.49,0.49,0,0,0,0
610322.648224166,6132890.06916606,1.89,1.89,0,0,0,0
611322.648224166,6132890.06916606,4.56,4.56,0,0,0,0
612322.648224166,6132890.06916606,0.04,0.04,0,0,0,0
614322.648224166,6132890.06916606,0.65,0.65,0,0,0,0
615322.648224166,6132890.06916606,1.46,1.46,0,0,0,0
616322.648224166,6132890.06916606,1.12,1.12,0,0,0,0
622322.648224166,6132890.06916606,1.6,1.6,0,0,0,0
623322.648224166,6132890.06916606,5.33,5.33,0,0,0,0
624322.648224166,6132890.06916606,2.67,2.67,0,0,0,0
631322.648224166,6132890.06916606,3.9,3.9,0,0,0,0
632322.648224166,6132890.06916606,2.58,2.45,0,0.13,0,0
633322.648224166,6132890.06916606,42.01,40.39,0.02,1.05,0.08,0.47
634322.648224166,6132890.06916606,31.06,30.58,0.02,0.19,0.13,0.14
608322.648224166,6131890.06916606,1.19,1.19,0,0,0,0
609322.648224166,6131890.06916606,3.31,3.31,0,0,0,0
610322.648224166,6131890.06916606,2.7,2.7,0,0,0,0
621322.648224166,6131890.06916606,2.28,2.28,0,0,0,0
622322.648224166,6131890.06916606,1.44,1.44,0,0,0,0
633322.648224166,6131890.06916606,4.79,4.79,0,0,0,0
608322.648224166,6130890.06916606,0.02,0.02,0,0,0,0
609322.648224166,6130890.06916606,5.63,5.63,0,0,0,0
620322.648224166,6130890.06916606,2.96,2.91,0,0.05,0,0
621322.648224166,6130890.06916606,0.5,0.5,0,0,0,0
609322.648224166,6129890.06916606,6.29,5.23,0,1.06,0,0
619322.648224166,6129890.06916606,2.03,2.03,0,0,0,0
620322.648224166,6129890.06916606,0.67,0.67,0,0,0,0
609322.648224166,6128890.06916606,7.13,7.13,0,0,0,0
613322.648224166,6128890.06916606,1.26,1.26,0,0,0,0
614322.648224166,6128890.06916606,13.8,13.8,0,0,0,0
618322.648224166,6128890.06916606,5.43,5.43,0,0,0,0
619322.648224166,6128890.06916606,5.11,5.11,0,0,0,0
598322.648224166,6127890.06916606,0.34,0.34,0,0,0,0
609322.648224166,6127890.06916606,16.21,13.69,0.01,0.14,0.7,1.67
610322.648224166,6127890.06916606,15.84,11.84,0.07,0.76,1.73,1.44
611322.648224166,6127890.06916606,24.04,20.89,0.17,0.35,0.92,1.71
612322.648224166,6127890.06916606,14.6,11.08,0.02,0.48,0.84,2.18
613322.648224166,6127890.06916606,20.19,14.67,0.01,1.46,2.17,1.88
614322.648224166,6127890.06916606,17.7,16.38,0,0.55,0.45,0.32
615322.648224166,6127890.06916606,27.42,22.34,0,1.81,2.68,0.59
616322.648224166,6127890.06916606,8.9,7.35,0,0.39,0.5,0.66
617322.648224166,6127890.06916606,15.56,15.54,0,0.02,0,0
618322.648224166,6127890.06916606,8.84,8.84,0,0,0,0
598322.648224166,6126890.06916606,1.23,1.23,0,0,0,0
603322.648224166,6126890.06916606,1.34,1.34,0,0,0,0
605322.648224166,6126890.06916606,15.44,11.94,0.02,0.22,0.68,2.58
606322.648224166,6126890.06916606,16.79,11.31,0.01,0.7,1.69,3.08
607322.648224166,6126890.06916606,13.43,8.24,0.03,1.9,2.26,1
608322.648224166,6126890.06916606,16.18,11.36,0.03,1.12,3.04,0.63
609322.648224166,6126890.06916606,8.18,6.92,0,0.22,0.65,0.39
610322.648224166,6126890.06916606,5.06,4,0.16,0.16,0.46,0.28
612322.648224166,6126890.06916606,2.84,2.84,0,0,0,0
616322.648224166,6126890.06916606,17.4,16.45,0.01,0.1,0.27,0.57
617322.648224166,6126890.06916606,14.88,12.3,0,0.26,1.05,1.27
619322.648224166,6126890.06916606,2.48,2.48,0,0,0,0
592322.648224166,6125890.06916606,1.96,1.48,0,0.12,0.31,0.05
593322.648224166,6125890.06916606,5.26,1.59,0,2.29,1.37,0.01
594322.648224166,6125890.06916606,6.54,4.75,0,0.64,0.86,0.29
597322.648224166,6125890.06916606,1.09,1.09,0,0,0,0
598322.648224166,6125890.06916606,0.23,0.23,0,0,0,0
603322.648224166,6125890.06916606,8.24,4.15,0.16,0.65,1.62,1.66
604322.648224166,6125890.06916606,7.62,4.19,0.12,0.27,0.7,2.34
605322.648224166,6125890.06916606,4.2,2.48,0,0.14,0.27,1.31
617322.648224166,6125890.06916606,12.93,10.81,0,0.34,1.09,0.69
618322.648224166,6125890.06916606,8.84,7.85,0,0.19,0.51,0.29
619322.648224166,6125890.06916606,1.45,1.45,0,0,0,0
584322.648224166,6124890.06916606,6.02,5.55,0,0.2,0.26,0.01
588322.648224166,6124890.06916606,4.88,4.13,0.03,0.35,0.25,0.12
589322.648224166,6124890.06916606,4.4,1.94,0,0.34,0.88,1.24
590322.648224166,6124890.06916606,10.67,8.95,0,0.91,0.68,0.13
591322.648224166,6124890.06916606,18.78,14.13,0,1.95,2.03,0.67
592322.648224166,6124890.06916606,9.15,8.15,0,0.4,0.49,0.11
594322.648224166,6124890.06916606,1.47,1.35,0,0.01,0.06,0.05
595322.648224166,6124890.06916606,11.34,10.66,0.03,0.11,0.27,0.27
596322.648224166,6124890.06916606,7.97,7.43,0.01,0.27,0.15,0.11
597322.648224166,6124890.06916606,8.59,8.08,0,0.25,0.2,0.06
598322.648224166,6124890.06916606,3.45,3.35,0,0.03,0.04,0.03
601322.648224166,6124890.06916606,1.04,1.04,0,0,0,0
602322.648224166,6124890.06916606,8.23,5.15,0.22,0.61,1.11,1.14
603322.648224166,6124890.06916606,2.33,1.51,0,0.15,0.4,0.27
618322.648224166,6124890.06916606,15.46,13.15,0.04,0.94,0.67,0.66
619322.648224166,6124890.06916606,7.39,6.29,0.12,0.21,0.32,0.45
583322.648224166,6123890.06916606,14.13,13.64,0,0.09,0.28,0.12
584322.648224166,6123890.06916606,16.6,14.46,0.02,0.97,0.86,0.29
585322.648224166,6123890.06916606,13.57,10.95,0,1.86,0.63,0.13
586322.648224166,6123890.06916606,1.22,0.83,0.01,0.13,0.23,0.02
587322.648224166,6123890.06916606,5.61,3.3,0.07,0.41,1.33,0.5
588322.648224166,6123890.06916606,10.63,8.3,0,0.45,1.1,0.78
597322.648224166,6123890.06916606,4.01,3.75,0,0.1,0.08,0.08
598322.648224166,6123890.06916606,9.25,8.85,0,0.28,0.09,0.03
600322.648224166,6123890.06916606,0.83,0.26,0,0.11,0.13,0.33
601322.648224166,6123890.06916606,8.81,4.88,0.07,0.39,1.21,2.26
618322.648224166,6123890.06916606,0.23,0.23,0,0,0,0
619322.648224166,6123890.06916606,23.4,21.36,0.07,0.15,0.7,1.12
620322.648224166,6123890.06916606,7.5,6.79,0.01,0.1,0.35,0.25
629322.648224166,6123890.06916606,0.86,0.82,0,0,0.01,0.03
630322.648224166,6123890.06916606,0.56,0.56,0,0,0,0
583322.648224166,6122890.06916606,6.07,5.85,0,0.14,0.08,0
584322.648224166,6122890.06916606,45.31,37.95,0.36,1.68,2.18,3.14
585322.648224166,6122890.06916606,44.4,42.54,0.02,0.83,0.81,0.2
586322.648224166,6122890.06916606,5.6,4.3,0,0.77,0.37,0.16
588322.648224166,6122890.06916606,2.72,2.72,0,0,0,0
589322.648224166,6122890.06916606,25.54,19.81,1.03,0.68,1.71,2.31
590322.648224166,6122890.06916606,0.71,0.57,0.04,0,0.01,0.09
598322.648224166,6122890.06916606,10.34,9.47,0.07,0.44,0.24,0.12
600322.648224166,6122890.06916606,25.94,11.54,1.82,2.84,7.13,2.61
619322.648224166,6122890.06916606,2.81,2.81,0,0,0,0
620322.648224166,6122890.06916606,9.23,8.08,0,0.17,0.57,0.41
621322.648224166,6122890.06916606,12.98,12.81,0,0.1,0.05,0.02
622322.648224166,6122890.06916606,9.46,7.12,0.02,0.67,0.84,0.81
623322.648224166,6122890.06916606,0.16,0.16,0,0,0,0
629322.648224166,6122890.06916606,17.25,10.46,0.42,1,1.7,3.67
630322.648224166,6122890.06916606,59.19,44.4,6.81,1.44,4.02,2.52
631322.648224166,6122890.06916606,17.85,17.32,0.42,0.03,0.01,0.07
633322.648224166,6122890.06916606,0.47,0.47,0,0,0,0
584322.648224166,6121890.06916606,9.71,7.35,0.04,0.65,0.7,0.97
585322.648224166,6121890.06916606,0.35,0.35,0,0,0,0
586322.648224166,6121890.06916606,1,1,0,0,0,0
587322.648224166,6121890.06916606,38.16,32.02,0.08,3.02,1.71,1.33
588322.648224166,6121890.06916606,77.74,62.67,0,14.77,0.05,0.25
589322.648224166,6121890.06916606,35.17,14.13,0,21.04,0,0
590322.648224166,6121890.06916606,17.55,17.48,0,0.03,0.02,0.02
591322.648224166,6121890.06916606,47.17,43.17,0.3,0.85,2.58,0.27
598322.648224166,6121890.06916606,15.89,14.49,0.08,1.06,0.14,0.12
599322.648224166,6121890.06916606,24.09,19.72,0.1,2.26,1.66,0.35
600322.648224166,6121890.06916606,18.64,12.36,0.19,2.72,2.55,0.82
619322.648224166,6121890.06916606,2.3,2.3,0,0,0,0
622322.648224166,6121890.06916606,3.33,3.06,0,0.17,0.04,0.06
623322.648224166,6121890.06916606,8.45,8.38,0,0.07,0,0
630322.648224166,6121890.06916606,12.65,12.07,0,0.56,0.02,0
631322.648224166,6121890.06916606,24.28,23.83,0.35,0.05,0.03,0.02
632322.648224166,6121890.06916606,30.67,18.16,4.25,6.76,0.76,0.74
633322.648224166,6121890.06916606,1.27,1.02,0,0.25,0,0
587322.648224166,6120890.06916606,3.15,2.6,0.05,0.29,0.08,0.13
588322.648224166,6120890.06916606,6.15,2.58,0,3.57,0,0
589322.648224166,6120890.06916606,0.07,0,0,0.07,0,0
590322.648224166,6120890.06916606,4.21,4.21,0,0,0,0
591322.648224166,6120890.06916606,10.33,10.33,0,0,0,0
595322.648224166,6120890.06916606,6.29,1.23,0.01,0.21,1.56,3.28
598322.648224166,6120890.06916606,4.7,2.8,0,1.65,0.24,0.01
599322.648224166,6120890.06916606,4.99,1.42,0,3.25,0.32,0
619322.648224166,6120890.06916606,1.55,1.55,0,0,0,0
620322.648224166,6120890.06916606,0.16,0.16,0,0,0,0
623322.648224166,6120890.06916606,3.31,3.12,0,0.07,0.06,0.06
624322.648224166,6120890.06916606,4.38,4.32,0,0.03,0,0.03
631322.648224166,6120890.06916606,6.97,6.97,0,0,0,0
632322.648224166,6120890.06916606,34.92,30.98,1.73,0.99,0.61,0.61
595322.648224166,6119890.06916606,63.62,29.23,0.68,6.15,13.44,14.12
596322.648224166,6119890.06916606,41.79,28.85,3.7,4.43,2.77,2.04
597322.648224166,6119890.06916606,7,6.74,0,0.21,0.05,0
598322.648224166,6119890.06916606,2.28,1.85,0,0.43,0,0
599322.648224166,6119890.06916606,66.09,47.08,0.43,12.06,4.8,1.72
600322.648224166,6119890.06916606,14.73,10.84,0.01,2.88,0.72,0.28
601322.648224166,6119890.06916606,26.69,19.5,0.02,5.77,0.85,0.55
602322.648224166,6119890.06916606,14.97,4.42,0.05,6.59,2.1,1.81
617322.648224166,6119890.06916606,0.21,0.21,0,0,0,0
618322.648224166,6119890.06916606,4.43,4.43,0,0,0,0
619322.648224166,6119890.06916606,5.68,5.68,0,0,0,0
620322.648224166,6119890.06916606,0.52,0.52,0,0,0,0
624322.648224166,6119890.06916606,6.4,5.74,0,0.41,0.22,0.03
625322.648224166,6119890.06916606,8.13,7.8,0.01,0.03,0.11,0.18
626322.648224166,6119890.06916606,6.26,6.26,0,0,0,0
627322.648224166,6119890.06916606,5.36,5.33,0,0.03,0,0
632322.648224166,6119890.06916606,5.33,5.33,0,0,0,0
633322.648224166,6119890.06916606,4.15,4.15,0,0,0,0
595322.648224166,6118890.06916606,1.95,0.88,0,0.75,0.21,0.11
596322.648224166,6118890.06916606,3.33,3.33,0,0,0,0
597322.648224166,6118890.06916606,7.05,7,0,0.05,0,0
599322.648224166,6118890.06916606,1.84,1.58,0,0.16,0.1,0
600322.648224166,6118890.06916606,58.48,26.63,0.01,25.84,3.85,2.15
601322.648224166,6118890.06916606,85.81,39.65,0.24,23.33,19.27,3.32
602322.648224166,6118890.06916606,46.08,13.94,0.85,9.27,13.71,8.31
603322.648224166,6118890.06916606,3.37,3.12,0,0.01,0,0.24
618322.648224166,6118890.06916606,0.8,0.8,0,0,0,0
622322.648224166,6118890.06916606,21.57,20.35,0,0.13,0.36,0.73
623322.648224166,6118890.06916606,8.35,7.84,0,0.01,0.13,0.37
627322.648224166,6118890.06916606,1.46,1.46,0,0,0,0
628322.648224166,6118890.06916606,7.94,7.77,0,0.04,0.03,0.1
629322.648224166,6118890.06916606,7.27,7.22,0,0.05,0,0
633322.648224166,6118890.06916606,18.43,17.7,0.01,0.09,0.18,0.45
642322.648224166,6118890.06916606,0.16,0.16,0,0,0,0
601322.648224166,6117890.06916606,29.79,16.26,0.2,8.85,3.56,0.92
602322.648224166,6117890.06916606,41.85,20.86,1.89,17.24,1.31,0.55
603322.648224166,6117890.06916606,15.93,12.77,0.01,0.35,1.8,1
604322.648224166,6117890.06916606,36.39,32.94,0,0.9,1.56,0.99
605322.648224166,6117890.06916606,1.87,1.87,0,0,0,0
618322.648224166,6117890.06916606,0.04,0.04,0,0,0,0
622322.648224166,6117890.06916606,11.47,10.86,0,0.01,0.24,0.36
623322.648224166,6117890.06916606,65.45,54.52,0.43,1.82,3.13,5.55
624322.648224166,6117890.06916606,6.53,6.53,0,0,0,0
629322.648224166,6117890.06916606,0.82,0.82,0,0,0,0
630322.648224166,6117890.06916606,10.49,10.49,0,0,0,0
631322.648224166,6117890.06916606,6.41,6.1,0,0.07,0.04,0.2
632322.648224166,6117890.06916606,4.53,4.53,0,0,0,0
633322.648224166,6117890.06916606,15.63,12.09,0.12,1.43,0.95,1.04
634322.648224166,6117890.06916606,27.1,22.62,0.21,1.58,1.61,1.08
635322.648224166,6117890.06916606,5.7,4.21,0.03,0.49,0.8,0.17
642322.648224166,6117890.06916606,0.79,0.79,0,0,0,0
602322.648224166,6116890.06916606,17.73,15.91,0.12,0.76,0.21,0.73
603322.648224166,6116890.06916606,35.07,0,0.55,1.9,10.52,22.1
604322.648224166,6116890.06916606,79.8,37.25,2.62,5.46,14.43,20.04
605322.648224166,6116890.06916606,25.48,19.19,0.11,0.26,1.26,4.66
623322.648224166,6116890.06916606,15.25,8.07,0.08,0.02,1.49,5.59
624322.648224166,6116890.06916606,38.54,32.14,1.37,0.52,0.44,4.07
625322.648224166,6116890.06916606,14.73,11.88,0,2.5,0,0.35
632322.648224166,6116890.06916606,2.19,1.32,0,0.23,0.61,0.03
633322.648224166,6116890.06916606,0.63,0.59,0,0,0,0.04
634322.648224166,6116890.06916606,3.11,3.01,0,0.09,0.01,0
635322.648224166,6116890.06916606,32.77,29.09,0.45,1.05,0.77,1.41
636322.648224166,6116890.06916606,18.51,18.51,0,0,0,0
637322.648224166,6116890.06916606,0.14,0.14,0,0,0,0
641322.648224166,6116890.06916606,0.32,0.32,0,0,0,0
642322.648224166,6116890.06916606,1.67,1.67,0,0,0,0
602322.648224166,6115890.06916606,6.67,6.17,0,0.26,0.23,0.01
603322.648224166,6115890.06916606,8.38,3.48,0.68,0.09,0.54,3.59
604322.648224166,6115890.06916606,63.09,28.06,3.95,7.34,4.95,18.79
605322.648224166,6115890.06916606,5.99,3.41,0.27,0.58,0.39,1.34
623322.648224166,6115890.06916606,0.28,0.28,0,0,0,0
624322.648224166,6115890.06916606,8.37,5.57,0.53,0.52,1.7,0.05
625322.648224166,6115890.06916606,52.12,42.94,0.08,6.89,0.26,1.95
626322.648224166,6115890.06916606,18.3,15.67,0.03,1.19,0.05,1.36
634322.648224166,6115890.06916606,0.68,0.68,0,0,0,0
635322.648224166,6115890.06916606,33.18,32.13,0,0.15,0.16,0.74
636322.648224166,6115890.06916606,12.08,12.08,0,0,0,0
641322.648224166,6115890.06916606,1.58,1.58,0,0,0,0
603322.648224166,6114890.06916606,11.26,9.12,0.02,1.43,0.55,0.14
604322.648224166,6114890.06916606,1.75,0.88,0.63,0.12,0.03,0.09
614322.648224166,6114890.06916606,5.33,3.37,0,0,0,1.96
625322.648224166,6114890.06916606,6.09,5.32,0,0.77,0,0
626322.648224166,6114890.06916606,61.08,58.44,0.01,0.35,1.24,1.04
627322.648224166,6114890.06916606,3.01,3.01,0,0,0,0
635322.648224166,6114890.06916606,25.93,25.21,0,0.06,0,0.66
636322.648224166,6114890.06916606,26.83,26.39,0,0.1,0.15,0.19
640322.648224166,6114890.06916606,0.41,0.41,0,0,0,0
641322.648224166,6114890.06916606,3.41,3.41,0,0,0,0
603322.648224166,6113890.06916606,12.95,11.39,0,0.84,0.53,0.19
604322.648224166,6113890.06916606,2.93,2.93,0,0,0,0
605322.648224166,6113890.06916606,2.65,2.65,0,0,0,0
606322.648224166,6113890.06916606,1.6,1.6,0,0,0,0
607322.648224166,6113890.06916606,0.44,0.44,0,0,0,0
614322.648224166,6113890.06916606,1.16,0.01,0,0,0,1.15
615322.648224166,6113890.06916606,7.22,7.16,0,0,0,0.06
616322.648224166,6113890.06916606,11.72,11.19,0.07,0,0.23,0.23
617322.648224166,6113890.06916606,1.26,0.99,0.04,0,0.18,0.05
626322.648224166,6113890.06916606,15.87,15.84,0,0.03,0,0
627322.648224166,6113890.06916606,31.82,26.97,2.11,0.36,0.93,1.45
628322.648224166,6113890.06916606,49.7,39.33,0.45,2.55,3.12,4.25
629322.648224166,6113890.06916606,19.68,13.26,0,0.54,0.71,5.17
635322.648224166,6113890.06916606,9.96,4.33,4.48,0.01,0.36,0.78
636322.648224166,6113890.06916606,18.62,13.73,4.53,0,0,0.36
637322.648224166,6113890.06916606,30.46,30.42,0,0.01,0.03,0
639322.648224166,6113890.06916606,8.07,8.07,0,0,0,0
640322.648224166,6113890.06916606,9.01,9.01,0,0,0,0
593322.648224166,6112890.06916606,1.41,1.41,0,0,0,0
594322.648224166,6112890.06916606,0.64,0.64,0,0,0,0
595322.648224166,6112890.06916606,4.09,3.33,0,0.76,0,0
596322.648224166,6112890.06916606,0.63,0.62,0,0.01,0,0
597322.648224166,6112890.06916606,0.96,0.96,0,0,0,0
598322.648224166,6112890.06916606,1.48,1.48,0,0,0,0
602322.648224166,6112890.06916606,22.53,22.5,0,0,0,0.03
603322.648224166,6112890.06916606,15.56,13.89,0.26,0.29,0.32,0.8
604322.648224166,6112890.06916606,22.03,22.03,0,0,0,0
605322.648224166,6112890.06916606,31.04,31.04,0,0,0,0
606322.648224166,6112890.06916606,0.73,0.73,0,0,0,0
614322.648224166,6112890.06916606,0.87,0.87,0,0,0,0
616322.648224166,6112890.06916606,6.51,6.17,0,0,0.01,0.33
617322.648224166,6112890.06916606,11.61,11.31,0.03,0,0.12,0.15
627322.648224166,6112890.06916606,2.88,1.76,0.03,1.08,0,0.01
628322.648224166,6112890.06916606,30.23,22.57,0.25,0.55,0.62,6.24
629322.648224166,6112890.06916606,49.37,25.32,0.18,1.91,5.54,16.42
630322.648224166,6112890.06916606,33.81,31.07,0,0.03,0.45,2.26
635322.648224166,6112890.06916606,2.7,1.22,1.13,0,0.1,0.25
636322.648224166,6112890.06916606,28.79,26.53,0.69,0.64,0.27,0.66
637322.648224166,6112890.06916606,15.13,15,0,0.1,0.01,0.02
638322.648224166,6112890.06916606,20.46,20.46,0,0,0,0
639322.648224166,6112890.06916606,8.82,8.82,0,0,0,0
640322.648224166,6112890.06916606,6.37,6.37,0,0,0,0
599322.648224166,6111890.06916606,1.49,1.49,0,0,0,0
600322.648224166,6111890.06916606,0.65,0.65,0,0,0,0
601322.648224166,6111890.06916606,1.58,1.58,0,0,0,0
602322.648224166,6111890.06916606,15.49,15.49,0,0,0,0
603322.648224166,6111890.06916606,22.76,21.38,0.07,0.28,0.19,0.84
604322.648224166,6111890.06916606,0.89,0.89,0,0,0,0
605322.648224166,6111890.06916606,31.73,31.73,0,0,0,0
606322.648224166,6111890.06916606,4.16,4.16,0,0,0,0
612322.648224166,6111890.06916606,0.2,0.2,0,0,0,0
613322.648224166,6111890.06916606,2.82,2.82,0,0,0,0
614322.648224166,6111890.06916606,4,3.36,0,0,0.47,0.17
615322.648224166,6111890.06916606,10.74,10.61,0,0,0,0.13
617322.648224166,6111890.06916606,11.66,11.66,0,0,0,0
627322.648224166,6111890.06916606,3.07,3.07,0,0,0,0
628322.648224166,6111890.06916606,27.65,27.51,0.03,0.06,0.03,0.02
629322.648224166,6111890.06916606,20.78,20.58,0.04,0.01,0.11,0.04
630322.648224166,6111890.06916606,11.54,11.54,0,0,0,0
631322.648224166,6111890.06916606,19.66,19.66,0,0,0,0
632322.648224166,6111890.06916606,10.62,10.44,0,0,0.04,0.14
633322.648224166,6111890.06916606,5.89,5.89,0,0,0,0
634322.648224166,6111890.06916606,15.44,15.44,0,0,0,0
635322.648224166,6111890.06916606,11.07,11.07,0,0,0,0
636322.648224166,6111890.06916606,1.23,1.23,0,0,0,0
637322.648224166,6111890.06916606,3.95,3.62,0,0.07,0.02,0.24
638322.648224166,6111890.06916606,80.13,76.15,0.67,0.24,1.15,1.92
639322.648224166,6111890.06916606,25.86,25.41,0.23,0,0.01,0.21
640322.648224166,6111890.06916606,12.92,12.92,0,0,0,0
602322.648224166,6110890.06916606,33.47,13.39,0.03,17.19,1.22,1.64
603322.648224166,6110890.06916606,10.81,8.51,0.02,1.94,0.03,0.31
604322.648224166,6110890.06916606,19.11,18.53,0.05,0.08,0.11,0.34
605322.648224166,6110890.06916606,3.6,3.6,0,0,0,0
606322.648224166,6110890.06916606,6.48,6.48,0,0,0,0
615322.648224166,6110890.06916606,0.48,0.48,0,0,0,0
617322.648224166,6110890.06916606,7.64,7.64,0,0,0,0
618322.648224166,6110890.06916606,0.45,0.45,0,0,0,0
626322.648224166,6110890.06916606,25.06,25.06,0,0,0,0
627322.648224166,6110890.06916606,15.4,15.4,0,0,0,0
628322.648224166,6110890.06916606,2.4,2.4,0,0,0,0
629322.648224166,6110890.06916606,33.39,28.18,0.11,0.43,1.52,3.15
630322.648224166,6110890.06916606,18.8,16.36,0,0.31,0.73,1.4
632322.648224166,6110890.06916606,2.17,2.17,0,0,0,0
633322.648224166,6110890.06916606,2.68,2.68,0,0,0,0
637322.648224166,6110890.06916606,4.79,4.79,0,0,0,0
638322.648224166,6110890.06916606,71.96,47.19,2.73,3.75,6.62,11.67
639322.648224166,6110890.06916606,87.97,85.06,0,2.35,0,0.56
640322.648224166,6110890.06916606,41.04,38.19,0.05,0.02,0.09,2.69
648322.648224166,6110890.06916606,0.3,0.3,0,0,0,0
649322.648224166,6110890.06916606,1.59,1.59,0,0,0,0
596322.648224166,6109890.06916606,0.16,0.16,0,0,0,0
602322.648224166,6109890.06916606,15.93,10.66,0.35,2.6,0.71,1.61
603322.648224166,6109890.06916606,0.21,0.21,0,0,0,0
604322.648224166,6109890.06916606,24.23,22.35,0.18,0.83,0.37,0.5
615322.648224166,6109890.06916606,18.18,12.35,0.04,0.19,0.67,4.93
616322.648224166,6109890.06916606,14.08,14.05,0,0,0,0.03
618322.648224166,6109890.06916606,23.73,23.71,0,0,0,0.02
619322.648224166,6109890.06916606,3.33,2.56,0,0,0,0.77
624322.648224166,6109890.06916606,0.65,0.65,0,0,0,0
625322.648224166,6109890.06916606,27.24,27.24,0,0,0,0
626322.648224166,6109890.06916606,11.58,11.58,0,0,0,0
638322.648224166,6109890.06916606,18.84,18.84,0,0,0,0
639322.648224166,6109890.06916606,15.15,15.15,0,0,0,0
640322.648224166,6109890.06916606,35.08,33.01,0.02,0.01,0.02,2.02
641322.648224166,6109890.06916606,21.25,21.25,0,0,0,0
647322.648224166,6109890.06916606,11.49,10.06,0.21,0.26,0.03,0.93
648322.648224166,6109890.06916606,40.55,37.54,0.32,0.73,0.51,1.45
596322.648224166,6108890.06916606,3.15,3.15,0,0,0,0
597322.648224166,6108890.06916606,4.47,4.47,0,0,0,0
598322.648224166,6108890.06916606,1.69,1.69,0,0,0,0
599322.648224166,6108890.06916606,2.08,1.86,0,0.22,0,0
600322.648224166,6108890.06916606,0.18,0.01,0,0.17,0,0
603322.648224166,6108890.06916606,8.75,8.75,0,0,0,0
604322.648224166,6108890.06916606,14.49,13.06,0.13,0.23,0.09,0.98
605322.648224166,6108890.06916606,16.51,15.13,0.1,0.29,0.28,0.71
615322.648224166,6108890.06916606,1.12,1.12,0,0,0,0
616322.648224166,6108890.06916606,2.45,2.45,0,0,0,0
617322.648224166,6108890.06916606,18.7,15.46,2.58,0.21,0.15,0.3
618322.648224166,6108890.06916606,42.62,42.43,0.03,0.03,0.01,0.12
619322.648224166,6108890.06916606,14.28,14.28,0,0,0,0
622322.648224166,6108890.06916606,17.4,17.38,0,0.02,0,0
623322.648224166,6108890.06916606,12.45,12.45,0,0,0,0
624322.648224166,6108890.06916606,7.31,7.1,0,0.21,0,0
638322.648224166,6108890.06916606,2.66,0.48,0.32,0.29,0.29,1.28
639322.648224166,6108890.06916606,3.67,3.67,0,0,0,0
640322.648224166,6108890.06916606,0.99,0.99,0,0,0,0
641322.648224166,6108890.06916606,51.5,51.5,0,0,0,0
642322.648224166,6108890.06916606,45.89,35.72,0.14,0.13,0.8,9.1
643322.648224166,6108890.06916606,32.48,17,0.14,0.23,1.36,13.75
646322.648224166,6108890.06916606,7.79,7.65,0,0.09,0,0.05
647322.648224166,6108890.06916606,54.69,50.61,0.26,0.79,0.41,2.62
648322.648224166,6108890.06916606,14.51,13.94,0.07,0.04,0.09,0.37
595322.648224166,6107890.06916606,0.56,0.56,0,0,0,0
596322.648224166,6107890.06916606,0.54,0.54,0,0,0,0
600322.648224166,6107890.06916606,2.76,2.76,0,0,0,0
601322.648224166,6107890.06916606,1.07,1.07,0,0,0,0
602322.648224166,6107890.06916606,1.97,1.97,0,0,0,0
603322.648224166,6107890.06916606,5.07,5.07,0,0,0,0
605322.648224166,6107890.06916606,15.28,14.67,0,0.08,0.22,0.31
616322.648224166,6107890.06916606,1.6,1.6,0,0,0,0
617322.648224166,6107890.06916606,44.3,35.39,2.93,0.48,0.84,4.66
618322.648224166,6107890.06916606,24.51,21.24,0.03,0.42,0.82,2
619322.648224166,6107890.06916606,60.95,57.69,0.15,0.46,1.9,0.75
620322.648224166,6107890.06916606,38,38,0,0,0,0
621322.648224166,6107890.06916606,18.62,18.45,0,0.17,0,0
622322.648224166,6107890.06916606,42.5,38.22,0.01,3.9,0.26,0.11
623322.648224166,6107890.06916606,19.96,18.47,0,1.42,0,0.07
624322.648224166,6107890.06916606,0.35,0.35,0,0,0,0
640322.648224166,6107890.06916606,5.75,5.75,0,0,0,0
641322.648224166,6107890.06916606,89.25,87.46,0.18,0.06,0.02,1.53
642322.648224166,6107890.06916606,45.79,44.21,0.01,0.04,0.32,1.21
643322.648224166,6107890.06916606,41.84,13.19,0.01,0.76,17.77,10.11
644322.648224166,6107890.06916606,29.32,18.73,1.02,0.26,1.97,7.34
646322.648224166,6107890.06916606,1.92,1.77,0,0.06,0,0.09
647322.648224166,6107890.06916606,90.45,88.13,0,0.81,0.6,0.91
648322.648224166,6107890.06916606,3.42,3.38,0.01,0.01,0.02,0
603322.648224166,6106890.06916606,14.32,13.79,0,0.53,0,0
604322.648224166,6106890.06916606,18.92,10.03,0.16,2.88,3.16,2.69
605322.648224166,6106890.06916606,2.95,2.66,0.02,0.02,0.01,0.24
606322.648224166,6106890.06916606,16.01,14.57,0.26,0.14,0.28,0.76
607322.648224166,6106890.06916606,8.26,8.23,0.01,0.01,0,0.01
608322.648224166,6106890.06916606,2.42,2.42,0,0,0,0
609322.648224166,6106890.06916606,0.84,0.84,0,0,0,0
616322.648224166,6106890.06916606,11.34,11.34,0,0,0,0
617322.648224166,6106890.06916606,32.36,26.67,1.06,1.5,2,1.13
618322.648224166,6106890.06916606,64.04,48.7,1.22,1.43,9.8,2.89
619322.648224166,6106890.06916606,13.99,12.98,0.06,0.22,0.24,0.49
620322.648224166,6106890.06916606,1.73,1.73,0,0,0,0
623322.648224166,6106890.06916606,5.78,5.78,0,0,0,0
624322.648224166,6106890.06916606,0.49,0.49,0,0,0,0
636322.648224166,6106890.06916606,0.06,0.06,0,0,0,0
637322.648224166,6106890.06916606,13.46,13.46,0,0,0,0
638322.648224166,6106890.06916606,16.72,16.72,0,0,0,0
639322.648224166,6106890.06916606,13.81,13.81,0,0,0,0
640322.648224166,6106890.06916606,39.84,39.84,0,0,0,0
641322.648224166,6106890.06916606,83.87,78.85,0.27,0.15,0.95,3.65
642322.648224166,6106890.06916606,1.25,1.21,0,0,0,0.04
644322.648224166,6106890.06916606,20.29,15.81,0.37,0.88,1.73,1.5
645322.648224166,6106890.06916606,0.78,0.78,0,0,0,0
646322.648224166,6106890.06916606,36.28,33.23,0.05,0.79,1.42,0.79
647322.648224166,6106890.06916606,52.89,51.01,0.09,0.74,0.18,0.87
648322.648224166,6106890.06916606,9.67,9.49,0,0.02,0,0.16
604322.648224166,6105890.06916606,33.37,1.41,0.08,20.4,10.65,0.83
605322.648224166,6105890.06916606,25.81,1.41,0.91,4.9,10.91,7.68
606322.648224166,6105890.06916606,1.57,1.57,0,0,0,0
607322.648224166,6105890.06916606,10.86,10.27,0.07,0.06,0.12,0.34
619322.648224166,6105890.06916606,0.34,0.34,0,0,0,0
623322.648224166,6105890.06916606,0.85,0.85,0,0,0,0
624322.648224166,6105890.06916606,0.68,0.68,0,0,0,0
635322.648224166,6105890.06916606,6.31,6.31,0,0,0,0
636322.648224166,6105890.06916606,19.9,19.9,0,0,0,0
637322.648224166,6105890.06916606,22.22,22.22,0,0,0,0
638322.648224166,6105890.06916606,50.15,49.73,0.17,0.08,0.03,0.14
639322.648224166,6105890.06916606,55.74,55.69,0,0,0,0.05
640322.648224166,6105890.06916606,56.51,54.29,0.16,0.64,0.52,0.9
641322.648224166,6105890.06916606,45.47,32.36,0.41,0.82,6.36,5.52
644322.648224166,6105890.06916606,34.08,32.82,0.01,0.39,0.73,0.13
645322.648224166,6105890.06916606,27.73,26.6,0.12,0.32,0.28,0.41
594322.648224166,6104890.06916606,1.46,0.54,0,0,0,0.92
605322.648224166,6104890.06916606,0.92,0.92,0,0,0,0
606322.648224166,6104890.06916606,15.75,12.78,0.11,1.73,0.64,0.49
607322.648224166,6104890.06916606,7.53,6.86,0.01,0.06,0.2,0.4
624322.648224166,6104890.06916606,0.48,0.48,0,0,0,0
633322.648224166,6104890.06916606,4.63,4.63,0,0,0,0
634322.648224166,6104890.06916606,12.57,12.57,0,0,0,0
635322.648224166,6104890.06916606,9.21,9.21,0,0,0,0
638322.648224166,6104890.06916606,0.48,0.48,0,0,0,0
639322.648224166,6104890.06916606,6.72,6.72,0,0,0,0
640322.648224166,6104890.06916606,3.07,2.93,0,0.09,0.04,0.01
644322.648224166,6104890.06916606,16.27,15.4,0,0.2,0.42,0.25
645322.648224166,6104890.06916606,20.63,19.07,0.4,0.34,0.54,0.28
594322.648224166,6103890.06916606,0.38,0.35,0,0,0,0.03
595322.648224166,6103890.06916606,5.63,3.77,0,0,0,1.86
596322.648224166,6103890.06916606,1.45,1.45,0,0,0,0
604322.648224166,6103890.06916606,24.75,13.65,0,9.27,1.33,0.5
605322.648224166,6103890.06916606,14.05,10.39,0,3.66,0,0
606322.648224166,6103890.06916606,10.28,10.2,0,0.08,0,0
607322.648224166,6103890.06916606,7.95,7.06,0,0.17,0.37,0.35
630322.648224166,6103890.06916606,0.28,0.2,0,0.03,0.05,0
632322.648224166,6103890.06916606,5,5,0,0,0,0
633322.648224166,6103890.06916606,9.25,9.25,0,0,0,0
596322.648224166,6102890.06916606,0.34,0.34,0,0,0,0
597322.648224166,6102890.06916606,1.3,1.3,0,0,0,0
604322.648224166,6102890.06916606,28.88,19.51,0,9.37,0,0
605322.648224166,6102890.06916606,45.47,44.4,0,1.06,0,0.01
606322.648224166,6102890.06916606,24.65,22.47,0.02,1.5,0.17,0.49
607322.648224166,6102890.06916606,6.62,6.29,0,0.19,0.13,0.01
608322.648224166,6102890.06916606,7.48,6.74,0.02,0.18,0.3,0.24
627322.648224166,6102890.06916606,0.16,0.16,0,0,0,0
628322.648224166,6102890.06916606,1.58,1.58,0,0,0,0
629322.648224166,6102890.06916606,2.42,2.42,0,0,0,0
630322.648224166,6102890.06916606,1.74,1.74,0,0,0,0
631322.648224166,6102890.06916606,9.59,9.51,0,0,0,0.08
632322.648224166,6102890.06916606,10.15,10.15,0,0,0,0
633322.648224166,6102890.06916606,0.28,0.28,0,0,0,0
597322.648224166,6101890.06916606,4.44,4.44,0,0,0,0
598322.648224166,6101890.06916606,1.4,1.4,0,0,0,0
599322.648224166,6101890.06916606,1.78,1.78,0,0,0,0
600322.648224166,6101890.06916606,0.38,0.38,0,0,0,0
603322.648224166,6101890.06916606,0.22,0.22,0,0,0,0
604322.648224166,6101890.06916606,35.07,33.57,0.19,0.5,0,0.81
605322.648224166,6101890.06916606,1.44,1.44,0,0,0,0
606322.648224166,6101890.06916606,35.92,24.49,1.67,3.61,2.4,3.75
607322.648224166,6101890.06916606,13.35,13.35,0,0,0,0
608322.648224166,6101890.06916606,10.34,9.59,0.01,0.31,0.3,0.13
628322.648224166,6101890.06916606,5.56,4.78,0,0.02,0.74,0.02
630322.648224166,6101890.06916606,0.56,0.56,0,0,0,0
632322.648224166,6101890.06916606,0.16,0.16,0,0,0,0
633322.648224166,6101890.06916606,1.09,1.09,0,0,0,0
600322.648224166,6100890.06916606,0.98,0.98,0,0,0,0
601322.648224166,6100890.06916606,1.26,1.26,0,0,0,0
602322.648224166,6100890.06916606,1.68,1.68,0,0,0,0
603322.648224166,6100890.06916606,2.67,2.67,0,0,0,0
604322.648224166,6100890.06916606,67.66,56,1.1,3.35,2.82,4.39
605322.648224166,6100890.06916606,23.23,17.08,0.15,1.49,2.27,2.24
606322.648224166,6100890.06916606,9.59,5.8,0.2,0.44,1.44,1.71
607322.648224166,6100890.06916606,10.14,7.13,0.26,0.49,0.67,1.59
608322.648224166,6100890.06916606,13.89,12.76,0.07,0.25,0.43,0.38
609322.648224166,6100890.06916606,1.83,1.83,0,0,0,0
627322.648224166,6100890.06916606,16.13,8.98,0,0.1,1.45,5.6
628322.648224166,6100890.06916606,17.32,13.95,0,0.24,1.91,1.22
633322.648224166,6100890.06916606,1.13,1.13,0,0,0,0
604322.648224166,6099890.06916606,24.27,21.66,0.29,0.07,0.61,1.64
605322.648224166,6099890.06916606,41.82,37.78,0.23,0.25,1.21,2.35
606322.648224166,6099890.06916606,43.97,22.51,0.76,11.72,4.83,4.15
607322.648224166,6099890.06916606,1.36,1.36,0,0,0,0
608322.648224166,6099890.06916606,13.54,12.38,0.02,0.71,0.34,0.09
609322.648224166,6099890.06916606,1.2,1.2,0,0,0,0
610322.648224166,6099890.06916606,2.39,2.39,0,0,0,0
627322.648224166,6099890.06916606,47.18,41.04,0,0.53,2.27,3.34
628322.648224166,6099890.06916606,0.49,0.49,0,0,0,0
604322.648224166,6098890.06916606,6.09,6.09,0,0,0,0
605322.648224166,6098890.06916606,56.98,50.83,0.26,3.18,0.86,1.85
606322.648224166,6098890.06916606,18.98,13.13,0.15,4.18,0.93,0.59
607322.648224166,6098890.06916606,5.62,5.22,0,0.35,0.05,0
608322.648224166,6098890.06916606,8.23,7.45,0.03,0.3,0.29,0.16
624322.648224166,6098890.06916606,0.06,0.05,0,0,0,0.01
625322.648224166,6098890.06916606,0.66,0.66,0,0,0,0
626322.648224166,6098890.06916606,16.08,15.85,0,0.23,0,0
627322.648224166,6098890.06916606,47.42,25.69,0.09,4.12,9.26,8.26
604322.648224166,6097890.06916606,9.44,9.44,0,0,0,0
605322.648224166,6097890.06916606,20.7,17.35,0.19,1.23,1.17,0.76
606322.648224166,6097890.06916606,7.29,5.6,0.07,1.32,0.12,0.18
607322.648224166,6097890.06916606,14.54,7.94,0,2.3,3.89,0.41
624322.648224166,6097890.06916606,1.07,0.71,0,0,0.11,0.25
626322.648224166,6097890.06916606,36.48,34.18,0.02,0.27,0.79,1.22
627322.648224166,6097890.06916606,37.99,28.08,0.01,0.93,1.77,7.2
604322.648224166,6096890.06916606,1.01,1.01,0,0,0,0
605322.648224166,6096890.06916606,5.99,5.99,0,0,0,0
606322.648224166,6096890.06916606,15.37,12.72,0,1.74,0.72,0.19
607322.648224166,6096890.06916606,20.05,13.74,0.08,2.62,2.69,0.92
610322.648224166,6096890.06916606,8.73,7.27,0.01,0.22,0.95,0.28
626322.648224166,6096890.06916606,55.82,38.22,0.06,0.11,3.15,14.28
627322.648224166,6096890.06916606,62.6,55.19,0.6,0.67,2.85,3.29
628322.648224166,6096890.06916606,15.87,15.87,0,0,0,0
629322.648224166,6096890.06916606,2.25,2.25,0,0,0,0
593322.648224166,6095890.06916606,0.85,0.85,0,0,0,0
595322.648224166,6095890.06916606,0.04,0.04,0,0,0,0
596322.648224166,6095890.06916606,1.62,1.62,0,0,0,0
597322.648224166,6095890.06916606,1.05,1.05,0,0,0,0
598322.648224166,6095890.06916606,1.28,1.28,0,0,0,0
599322.648224166,6095890.06916606,1.37,1.37,0,0,0,0
600322.648224166,6095890.06916606,1.75,1.75,0,0,0,0
601322.648224166,6095890.06916606,1.74,1.74,0,0,0,0
602322.648224166,6095890.06916606,2.21,2.21,0,0,0,0
603322.648224166,6095890.06916606,2.2,2.18,0,0.02,0,0
604322.648224166,6095890.06916606,1.93,1.93,0,0,0,0
605322.648224166,6095890.06916606,12.68,9.18,0.65,0,0,2.85
606322.648224166,6095890.06916606,17.56,9.41,0,5.96,2.04,0.15
610322.648224166,6095890.06916606,33.09,19.06,0.71,2.35,5.17,5.8
611322.648224166,6095890.06916606,15.43,15.43,0,0,0,0
615322.648224166,6095890.06916606,0.5,0.5,0,0,0,0
616322.648224166,6095890.06916606,0.16,0.16,0,0,0,0
624322.648224166,6095890.06916606,0.01,0.01,0,0,0,0
625322.648224166,6095890.06916606,30.82,23.83,0.13,0.27,1.68,4.91
626322.648224166,6095890.06916606,69.48,48.05,0.31,1.04,9.22,10.86
627322.648224166,6095890.06916606,15.24,10.55,0.07,0.54,1.78,2.3
593322.648224166,6094890.06916606,0.09,0.09,0,0,0,0
594322.648224166,6094890.06916606,1.36,1.36,0,0,0,0
595322.648224166,6094890.06916606,1.64,1.64,0,0,0,0
604322.648224166,6094890.06916606,0.07,0.07,0,0,0,0
605322.648224166,6094890.06916606,16.68,16.54,0,0.09,0,0.05
606322.648224166,6094890.06916606,15.99,8.37,0,5.07,2.36,0.19
607322.648224166,6094890.06916606,17.76,14.62,0.01,1.2,1.7,0.23
608322.648224166,6094890.06916606,7.1,6.84,0,0.13,0.1,0.03
610322.648224166,6094890.06916606,7.71,3.78,0.34,2.52,0.67,0.4
611322.648224166,6094890.06916606,45.36,41.73,0.16,0.38,0.69,2.4
613322.648224166,6094890.06916606,0.35,0.35,0,0,0,0
614322.648224166,6094890.06916606,1.01,1.01,0,0,0,0
620322.648224166,6094890.06916606,0.18,0.18,0,0,0,0
622322.648224166,6094890.06916606,1.17,1.17,0,0,0,0
623322.648224166,6094890.06916606,3.43,3.43,0,0,0,0
624322.648224166,6094890.06916606,4.46,4.46,0,0,0,0
625322.648224166,6094890.06916606,0.2,0.18,0,0,0,0.02
607322.648224166,6093890.06916606,8.85,8.16,0.05,0.28,0.21,0.15
608322.648224166,6093890.06916606,5.2,5.04,0,0.07,0.03,0.06
609322.648224166,6093890.06916606,11.1,7.17,0.21,0.21,0.53,2.98
610322.648224166,6093890.06916606,3.31,3.29,0,0,0,0.02
611322.648224166,6093890.06916606,15.03,15.03,0,0,0,0
612322.648224166,6093890.06916606,30.18,30.18,0,0,0,0
613322.648224166,6093890.06916606,1.33,1.33,0,0,0,0
621322.648224166,6093890.06916606,1.79,1.79,0,0,0,0
622322.648224166,6093890.06916606,0.62,0.62,0,0,0,0
607322.648224166,6092890.06916606,12.36,11.84,0.03,0.12,0.06,0.31
608322.648224166,6092890.06916606,2.03,1.95,0,0.04,0,0.04
609322.648224166,6092890.06916606,19.48,19.45,0,0.01,0.02,0
610322.648224166,6092890.06916606,8.09,7.56,0.02,0.28,0.08,0.15
611322.648224166,6092890.06916606,0.37,0.37,0,0,0,0
612322.648224166,6092890.06916606,1.66,1.66,0,0,0,0
620322.648224166,6092890.06916606,1.29,1.23,0,0.06,0,0
621322.648224166,6092890.06916606,0.54,0.54,0,0,0,0
629322.648224166,6092890.06916606,11.13,10.53,0.01,0.32,0.2,0.07
630322.648224166,6092890.06916606,24.46,16.53,0.12,0.71,3.49,3.61
631322.648224166,6092890.06916606,5.65,3.95,0,0.05,0.35,1.3
599322.648224166,6091890.06916606,0.08,0.08,0,0,0,0
606322.648224166,6091890.06916606,5.46,5.22,0,0.04,0.1,0.1
607322.648224166,6091890.06916606,18.85,16.99,0.25,0.99,0.08,0.54
608322.648224166,6091890.06916606,2.48,2.44,0,0.02,0.01,0.01
609322.648224166,6091890.06916606,37.67,29.08,2.31,0.73,0.37,5.18
610322.648224166,6091890.06916606,11.81,11.25,0.03,0.21,0.04,0.28
620322.648224166,6091890.06916606,1.64,1.39,0,0.25,0,0
628322.648224166,6091890.06916606,1.91,1.91,0,0,0,0
629322.648224166,6091890.06916606,18.79,17.59,0.04,0.73,0.15,0.28
630322.648224166,6091890.06916606,0.21,0.1,0,0.09,0.02,0
631322.648224166,6091890.06916606,4.26,4.26,0,0,0,0
632322.648224166,6091890.06916606,0.68,0.68,0,0,0,0
599322.648224166,6090890.06916606,0.24,0.24,0,0,0,0
600322.648224166,6090890.06916606,1.54,1.54,0,0,0,0
601322.648224166,6090890.06916606,0.49,0.49,0,0,0,0
606322.648224166,6090890.06916606,6.61,6.26,0.08,0.09,0.09,0.09
607322.648224166,6090890.06916606,9.8,9.76,0,0.01,0.01,0.02
608322.648224166,6090890.06916606,1.71,1.31,0.03,0.19,0.12,0.06
609322.648224166,6090890.06916606,4.12,2.54,0.11,0.24,0.42,0.81
611322.648224166,6090890.06916606,5.9,4.6,0.32,0.11,0.22,0.65
612322.648224166,6090890.06916606,64.81,57.5,0.53,1.14,1.48,4.16
613322.648224166,6090890.06916606,20.09,20.09,0,0,0,0
614322.648224166,6090890.06916606,1.25,1.25,0,0,0,0
615322.648224166,6090890.06916606,0.16,0.16,0,0,0,0
620322.648224166,6090890.06916606,0.36,0.36,0,0,0,0
621322.648224166,6090890.06916606,1.4,1.4,0,0,0,0
628322.648224166,6090890.06916606,12.6,12.6,0,0,0,0
600322.648224166,6089890.06916606,16.88,8.24,1.45,0.46,1.22,5.51
601322.648224166,6089890.06916606,35.74,15.94,0.42,2.09,6.19,11.1
602322.648224166,6089890.06916606,1.01,1.01,0,0,0,0
607322.648224166,6089890.06916606,22.4,18.3,0.4,1.19,1.06,1.45
608322.648224166,6089890.06916606,21.26,18.24,0.27,0.63,0.87,1.25
609322.648224166,6089890.06916606,12.24,10.25,0.32,0.81,0.23,0.63
610322.648224166,6089890.06916606,13.18,12.39,0.1,0.44,0.03,0.22
611322.648224166,6089890.06916606,14.21,12.93,0.37,0.5,0.07,0.34
612322.648224166,6089890.06916606,20.27,18.08,0.12,0.73,0.81,0.53
613322.648224166,6089890.06916606,0.06,0.06,0,0,0,0
621322.648224166,6089890.06916606,2.15,2.15,0,0,0,0
628322.648224166,6089890.06916606,2.56,2.56,0,0,0,0
595322.648224166,6088890.06916606,2.27,1.23,0.06,0.18,0.28,0.52
596322.648224166,6088890.06916606,14.9,13.55,0.16,0.35,0.29,0.55
597322.648224166,6088890.06916606,9.3,8.94,0,0.09,0.23,0.04
598322.648224166,6088890.06916606,0.56,0.55,0,0.01,0,0
599322.648224166,6088890.06916606,0.72,0.72,0,0,0,0
600322.648224166,6088890.06916606,12.79,12.79,0,0,0,0
601322.648224166,6088890.06916606,26.73,26.32,0,0.35,0.05,0.01
602322.648224166,6088890.06916606,12.79,11.49,0.54,0.12,0.13,0.51
603322.648224166,6088890.06916606,8.61,8.61,0,0,0,0
604322.648224166,6088890.06916606,5.18,5.18,0,0,0,0
605322.648224166,6088890.06916606,1.97,1.97,0,0,0,0
606322.648224166,6088890.06916606,3.04,3.04,0,0,0,0
607322.648224166,6088890.06916606,3.87,3.87,0,0,0,0
608322.648224166,6088890.06916606,4.94,4.93,0,0,0,0.01
609322.648224166,6088890.06916606,0.98,0.73,0,0,0.02,0.23
610322.648224166,6088890.06916606,0.1,0.06,0,0.03,0,0.01
611322.648224166,6088890.06916606,2.6,2.29,0.05,0.19,0,0.07
612322.648224166,6088890.06916606,11.91,10.8,0.2,0.55,0.11,0.25
613322.648224166,6088890.06916606,7.87,7.24,0.1,0.29,0.02,0.22
617322.648224166,6088890.06916606,0.69,0.69,0,0,0,0
618322.648224166,6088890.06916606,2.63,2.63,0,0,0,0
619322.648224166,6088890.06916606,3.15,3.07,0,0,0,0.08
620322.648224166,6088890.06916606,2.57,2.57,0,0,0,0
621322.648224166,6088890.06916606,3.08,3.08,0,0,0,0
622322.648224166,6088890.06916606,1.3,1.3,0,0,0,0
623322.648224166,6088890.06916606,0.2,0.2,0,0,0,0
627322.648224166,6088890.06916606,1.58,1.58,0,0,0,0
595322.648224166,6087890.06916606,25.65,20.34,0.14,0.65,1.58,2.94
596322.648224166,6087890.06916606,21.53,19.21,0.08,0,0.28,1.96
597322.648224166,6087890.06916606,10.29,9.58,0,0.47,0.18,0.06
598322.648224166,6087890.06916606,31.6,23.44,0.34,1.35,2.17,4.3
599322.648224166,6087890.06916606,32.46,26.02,0.31,0.8,0.87,4.46
600322.648224166,6087890.06916606,9.35,3.58,0.11,0.65,1.79,3.22
601322.648224166,6087890.06916606,2.7,2.7,0,0,0,0
602322.648224166,6087890.06916606,4.08,4.08,0,0,0,0
603322.648224166,6087890.06916606,0.89,0.89,0,0,0,0
607322.648224166,6087890.06916606,0.46,0.33,0,0.03,0.07,0.03
608322.648224166,6087890.06916606,29.44,25.35,0.04,0.53,0.61,2.91
609322.648224166,6087890.06916606,24.73,15.87,0.39,1.02,4.23,3.22
610322.648224166,6087890.06916606,1.46,1.11,0,0.01,0.06,0.28
613322.648224166,6087890.06916606,5.45,4.6,0.17,0.45,0.05,0.18
614322.648224166,6087890.06916606,8.4,7.69,0.12,0.39,0.03,0.17
616322.648224166,6087890.06916606,0.94,0.94,0,0,0,0
617322.648224166,6087890.06916606,3,3,0,0,0,0
622322.648224166,6087890.06916606,0.62,0.62,0,0,0,0
623322.648224166,6087890.06916606,1.62,1.58,0,0.04,0,0
624322.648224166,6087890.06916606,1.46,1.46,0,0,0,0
626322.648224166,6087890.06916606,1.59,1.59,0,0,0,0
627322.648224166,6087890.06916606,2.93,2.93,0,0,0,0
597322.648224166,6086890.06916606,73.99,73.96,0,0.03,0,0
598322.648224166,6086890.06916606,36.75,35.24,1.29,0.06,0.06,0.1
599322.648224166,6086890.06916606,39.13,39.13,0,0,0,0
602322.648224166,6086890.06916606,1.07,1.07,0,0,0,0
606322.648224166,6086890.06916606,3.38,3.38,0,0,0,0
607322.648224166,6086890.06916606,9.47,9.47,0,0,0,0
608322.648224166,6086890.06916606,42.74,34.73,0.22,1.71,3.47,2.61
609322.648224166,6086890.06916606,51.57,32.62,0.57,5.5,6.5,6.38
610322.648224166,6086890.06916606,31.12,24.59,0.32,0.41,1.82,3.98
614322.648224166,6086890.06916606,6.57,5.54,0.15,0.46,0.13,0.29
615322.648224166,6086890.06916606,2.96,2.75,0,0.12,0.08,0.01
616322.648224166,6086890.06916606,2.97,2.75,0,0.15,0.07,0
624322.648224166,6086890.06916606,2.18,2.18,0,0,0,0
625322.648224166,6086890.06916606,7.02,7.02,0,0,0,0
626322.648224166,6086890.06916606,17.89,17.89,0,0,0,0
627322.648224166,6086890.06916606,0.04,0.04,0,0,0,0
597322.648224166,6085890.06916606,24.2,21.8,0,1.24,0.87,0.29
598322.648224166,6085890.06916606,63.52,63.39,0,0.13,0,0
599322.648224166,6085890.06916606,15.86,15.86,0,0,0,0
606322.648224166,6085890.06916606,4.02,4.02,0,0,0,0
607322.648224166,6085890.06916606,16.35,16.35,0,0,0,0
608322.648224166,6085890.06916606,36.49,35.2,0.17,0.14,0.37,0.61
609322.648224166,6085890.06916606,18.91,12.38,0.17,2.5,1.67,2.19
610322.648224166,6085890.06916606,30.48,23.86,0.88,0.69,2.43,2.62
611322.648224166,6085890.06916606,1.61,1.18,0.1,0,0.02,0.31
614322.648224166,6085890.06916606,3.16,2.86,0,0.18,0.01,0.11
615322.648224166,6085890.06916606,14.37,13.62,0.08,0.21,0.14,0.32
616322.648224166,6085890.06916606,0.43,0.37,0,0,0.02,0.04
597322.648224166,6084890.06916606,3.37,3.37,0,0,0,0
598322.648224166,6084890.06916606,1.08,1.08,0,0,0,0
599322.648224166,6084890.06916606,0.34,0.34,0,0,0,0
609322.648224166,6084890.06916606,1.72,1.39,0.11,0.02,0.03,0.17
610322.648224166,6084890.06916606,40.66,25.6,0.3,1.69,5.64,7.43
611322.648224166,6084890.06916606,31.86,19.04,0.23,0.63,4.8,7.16
615322.648224166,6084890.06916606,0.55,0.31,0.01,0.11,0.01,0.11
616322.648224166,6084890.06916606,17.35,16.01,0.14,0.47,0.2,0.53
630322.648224166,6084890.06916606,1.28,1.28,0,0,0,0
631322.648224166,6084890.06916606,5.97,5.97,0,0,0,0
632322.648224166,6084890.06916606,3.75,3.62,0,0.13,0,0
609322.648224166,6083890.06916606,7.63,7.03,0,0.6,0,0
610322.648224166,6083890.06916606,26.85,23.22,0.02,1.35,0.91,1.35
611322.648224166,6083890.06916606,29.93,20.58,0.91,1.23,3.68,3.53
616322.648224166,6083890.06916606,14.36,13.5,0.07,0.18,0.11,0.5
629322.648224166,6083890.06916606,0.81,0.81,0,0,0,0
630322.648224166,6083890.06916606,1.46,1.46,0,0,0,0
632322.648224166,6083890.06916606,0.08,0.08,0,0,0,0
633322.648224166,6083890.06916606,1.22,1.22,0,0,0,0
634322.648224166,6083890.06916606,4.52,4.52,0,0,0,0
635322.648224166,6083890.06916606,1,1,0,0,0,0
609322.648224166,6082890.06916606,13.22,10.03,0.16,1.01,0.79,1.23
610322.648224166,6082890.06916606,53.41,39.03,2.1,4.4,3.73,4.15
611322.648224166,6082890.06916606,61.46,43.21,6.27,5.38,2.03,4.57
616322.648224166,6082890.06916606,12.45,11.42,0.02,0.58,0.13,0.3
630322.648224166,6082890.06916606,1.1,1.1,0,0,0,0
611322.648224166,6081890.06916606,48.18,37.2,1.69,1.41,2.27,5.61
612322.648224166,6081890.06916606,34.78,25.05,0.22,1.48,4.2,3.83
613322.648224166,6081890.06916606,4.55,4.55,0,0,0,0
616322.648224166,6081890.06916606,11.88,11.01,0.09,0.03,0.07,0.68
617322.648224166,6081890.06916606,3.59,3.47,0.02,0.01,0.01,0.08
630322.648224166,6081890.06916606,5.84,5.84,0,0,0,0
611322.648224166,6080890.06916606,8.93,8.93,0,0,0,0
612322.648224166,6080890.06916606,33.58,30.91,0,0.52,1.01,1.14
613322.648224166,6080890.06916606,61.87,34.29,0.12,0.07,0.73,26.66
617322.648224166,6080890.06916606,20.98,19.12,0.2,0.83,0.24,0.59
629322.648224166,6080890.06916606,12.71,12.71,0,0,0,0
630322.648224166,6080890.06916606,1.99,1.99,0,0,0,0
611322.648224166,6079890.06916606,17.48,17.48,0,0,0,0
612322.648224166,6079890.06916606,34.12,34.12,0,0,0,0
613322.648224166,6079890.06916606,10.03,9.67,0,0.13,0.06,0.17
617322.648224166,6079890.06916606,14.06,12.27,0.06,0.55,0.26,0.92
618322.648224166,6079890.06916606,2.71,2.63,0.02,0.04,0.02,0
619322.648224166,6079890.06916606,1.81,1.65,0.14,0,0.01,0.01
620322.648224166,6079890.06916606,1.76,1.76,0,0,0,0
628322.648224166,6079890.06916606,3.29,3.29,0,0,0,0
629322.648224166,6079890.06916606,0.63,0.63,0,0,0,0
611322.648224166,6078890.06916606,4.15,4.15,0,0,0,0
612322.648224166,6078890.06916606,79.47,73.86,0.57,1.65,1.65,1.74
613322.648224166,6078890.06916606,10.27,9.69,0.19,0.02,0.05,0.32
617322.648224166,6078890.06916606,5.66,4.67,0.02,0.15,0.32,0.5
618322.648224166,6078890.06916606,12.05,10.94,0.01,0.59,0.14,0.37
619322.648224166,6078890.06916606,1.1,1.09,0,0,0,0.01
620322.648224166,6078890.06916606,1.31,1.31,0,0,0,0
621322.648224166,6078890.06916606,2.42,2.42,0,0,0,0
622322.648224166,6078890.06916606,3.73,3.54,0,0.01,0.02,0.16
627322.648224166,6078890.06916606,10.37,8,0.13,0.89,0.71,0.64
628322.648224166,6078890.06916606,0.49,0.49,0,0,0,0
630322.648224166,6078890.06916606,4.14,4.14,0,0,0,0
631322.648224166,6078890.06916606,1.62,1.52,0,0.08,0.01,0.01
611322.648224166,6077890.06916606,1.77,1.77,0,0,0,0
612322.648224166,6077890.06916606,19.75,19.75,0,0,0,0
615322.648224166,6077890.06916606,0.69,0.12,0.03,0.29,0.15,0.1
617322.648224166,6077890.06916606,9.74,8.37,0,0.46,0.14,0.77
618322.648224166,6077890.06916606,13.66,12.76,0.06,0.35,0.14,0.35
622322.648224166,6077890.06916606,4.27,4.27,0,0,0,0
623322.648224166,6077890.06916606,10.2,10.2,0,0,0,0
624322.648224166,6077890.06916606,7.58,7.58,0,0,0,0
627322.648224166,6077890.06916606,10.53,9.9,0.03,0.28,0,0.32
630322.648224166,6077890.06916606,20.88,20.88,0,0,0,0
614322.648224166,6076890.06916606,27.6,22.23,0.07,1.03,2.87,1.4
615322.648224166,6076890.06916606,92.29,88.76,0.15,1.25,1.06,1.07
616322.648224166,6076890.06916606,7.79,7.31,0.01,0.26,0.09,0.12
618322.648224166,6076890.06916606,23.03,21.27,0.2,0.71,0.21,0.64
619322.648224166,6076890.06916606,3,2.6,0,0.31,0.04,0.05
623322.648224166,6076890.06916606,10.66,10.25,0.05,0.07,0.1,0.19
624322.648224166,6076890.06916606,14.71,14.39,0,0,0.09,0.23
625322.648224166,6076890.06916606,8.22,7.96,0.04,0.03,0.18,0.01
626322.648224166,6076890.06916606,3.61,3.56,0,0,0,0.05
627322.648224166,6076890.06916606,1.66,1.57,0,0,0,0.09
629322.648224166,6076890.06916606,44.44,41.81,0,2.6,0,0.03
630322.648224166,6076890.06916606,37.26,35.8,0.03,0.14,0.1,1.19
631322.648224166,6076890.06916606,1.12,1.12,0,0,0,0
613322.648224166,6075890.06916606,13,12.97,0,0,0,0.03
614322.648224166,6075890.06916606,49.78,18.14,1.76,7.51,16.6,5.77
615322.648224166,6075890.06916606,39.16,22.57,0.54,8.93,6.34,0.78
616322.648224166,6075890.06916606,0.02,0,0,0.02,0,0
617322.648224166,6075890.06916606,11.57,9.43,0.07,0.94,0.55,0.58
618322.648224166,6075890.06916606,28.85,16.23,3.44,3.78,2.8,2.6
619322.648224166,6075890.06916606,6.19,6.12,0,0,0.05,0.02
620322.648224166,6075890.06916606,0.3,0.23,0,0.01,0.01,0.05
624322.648224166,6075890.06916606,0.73,0.73,0,0,0,0
625322.648224166,6075890.06916606,1.92,0.97,0.08,0,0.28,0.59
628322.648224166,6075890.06916606,0.34,0.34,0,0,0,0
629322.648224166,6075890.06916606,38.56,34.25,0.6,0.44,0.65,2.62
630322.648224166,6075890.06916606,21.06,18.95,0.17,0.87,0.66,0.41
632322.648224166,6075890.06916606,10.56,10.45,0,0.01,0.05,0.05
633322.648224166,6075890.06916606,5.9,5.9,0,0,0,0
640322.648224166,6075890.06916606,1,1,0,0,0,0
641322.648224166,6075890.06916606,39.07,37.14,0.06,0.16,0.63,1.08
642322.648224166,6075890.06916606,36.92,36.3,0,0.62,0,0
613322.648224166,6074890.06916606,1.17,1.17,0,0,0,0
614322.648224166,6074890.06916606,12.07,4.85,0.32,0.84,3.63,2.43
615322.648224166,6074890.06916606,40.64,30.13,1.16,6.15,2.86,0.34
616322.648224166,6074890.06916606,9.09,8.5,0,0.51,0.08,0
617322.648224166,6074890.06916606,16.48,14.62,0.19,0.59,0.23,0.85
618322.648224166,6074890.06916606,21.58,16.83,0.53,0.82,2.18,1.22
619322.648224166,6074890.06916606,4.6,4.39,0,0.01,0.06,0.14
620322.648224166,6074890.06916606,18.11,13.67,0.08,0.7,2.38,1.28
622322.648224166,6074890.06916606,13.86,8.26,0.26,1.39,2.5,1.45
628322.648224166,6074890.06916606,2.11,2.11,0,0,0,0
629322.648224166,6074890.06916606,1.46,1.15,0.2,0.11,0,0
630322.648224166,6074890.06916606,1.54,1.54,0,0,0,0
631322.648224166,6074890.06916606,9,9,0,0,0,0
632322.648224166,6074890.06916606,42.66,42.66,0,0,0,0
633322.648224166,6074890.06916606,13.09,13.09,0,0,0,0
641322.648224166,6074890.06916606,37.9,37.9,0,0,0,0
642322.648224166,6074890.06916606,8.72,6.76,0.03,0.83,0.41,0.69
616322.648224166,6073890.06916606,13.65,11.02,0.63,0.32,1.03,0.65
617322.648224166,6073890.06916606,2.23,1.86,0,0.08,0.2,0.09
618322.648224166,6073890.06916606,57.02,33.55,1.4,4.68,9.18,8.21
619322.648224166,6073890.06916606,2.89,2.48,0.04,0.18,0.08,0.11
620322.648224166,6073890.06916606,13.75,6.04,0.02,0.94,3.85,2.9
621322.648224166,6073890.06916606,28.41,13.38,0.06,2.21,6.02,6.74
622322.648224166,6073890.06916606,7.81,7.76,0,0.04,0.01,0
623322.648224166,6073890.06916606,0.85,0.85,0,0,0,0
627322.648224166,6073890.06916606,1.31,1.31,0,0,0,0
628322.648224166,6073890.06916606,0.63,0.63,0,0,0,0
629322.648224166,6073890.06916606,0.28,0.28,0,0,0,0
630322.648224166,6073890.06916606,0.06,0.06,0,0,0,0
632322.648224166,6073890.06916606,3.25,3.25,0,0,0,0
633322.648224166,6073890.06916606,0.36,0.36,0,0,0,0
641322.648224166,6073890.06916606,23.9,18.86,0.04,0.32,1.5,3.18
642322.648224166,6073890.06916606,4.79,4.79,0,0,0,0
616322.648224166,6072890.06916606,3.53,2.01,0.05,0.51,0.34,0.62
617322.648224166,6072890.06916606,1.73,1.48,0,0.24,0.01,0
618322.648224166,6072890.06916606,49.05,33.1,0.4,3.02,4.63,7.9
619322.648224166,6072890.06916606,80.64,67.82,0.33,2.53,4.96,5
620322.648224166,6072890.06916606,19.93,9.92,0.01,0.96,1.89,7.15
623322.648224166,6072890.06916606,3.61,3.61,0,0,0,0
624322.648224166,6072890.06916606,14.87,14.85,0,0,0,0.02
625322.648224166,6072890.06916606,3.88,3.88,0,0,0,0
626322.648224166,6072890.06916606,2.5,2.5,0,0,0,0
627322.648224166,6072890.06916606,4.83,4.83,0,0,0,0
628322.648224166,6072890.06916606,2.33,2.33,0,0,0,0
629322.648224166,6072890.06916606,1.74,1.74,0,0,0,0
636322.648224166,6072890.06916606,11.53,11.53,0,0,0,0
641322.648224166,6072890.06916606,33.81,32.85,0,0.96,0,0
619322.648224166,6071890.06916606,25.21,15.31,0.29,2.74,3.2,3.67
620322.648224166,6071890.06916606,81.58,33.35,7.85,3.91,5.69,30.78
621322.648224166,6071890.06916606,7.82,6.86,0.33,0.18,0.18,0.27
623322.648224166,6071890.06916606,4.35,3.86,0.06,0.13,0.11,0.19
624322.648224166,6071890.06916606,30.24,28.51,0.07,0.96,0.24,0.46
629322.648224166,6071890.06916606,7.85,7.85,0,0,0,0
630322.648224166,6071890.06916606,21.27,21.27,0,0,0,0
632322.648224166,6071890.06916606,0.31,0.31,0,0,0,0
633322.648224166,6071890.06916606,2.7,2.7,0,0,0,0
634322.648224166,6071890.06916606,0.21,0.21,0,0,0,0
635322.648224166,6071890.06916606,11.65,10.53,0,0.06,0.19,0.87
636322.648224166,6071890.06916606,3.24,3.24,0,0,0,0
637322.648224166,6071890.06916606,3.35,3.35,0,0,0,0
641322.648224166,6071890.06916606,7.6,7.6,0,0,0,0
619322.648224166,6070890.06916606,2.41,0.11,0.61,0.07,0.68,0.94
620322.648224166,6070890.06916606,64.23,31.72,2.9,4.38,12.46,12.77
621322.648224166,6070890.06916606,7.65,5.42,0.02,0.23,0.77,1.21
624322.648224166,6070890.06916606,14.27,13.76,0,0.42,0,0.09
630322.648224166,6070890.06916606,45.18,44.76,0,0.21,0.11,0.1
631322.648224166,6070890.06916606,38.31,38.31,0,0,0,0
632322.648224166,6070890.06916606,32.02,31.32,0,0.16,0.24,0.3
633322.648224166,6070890.06916606,47.73,38.26,0.61,3.23,1.58,4.05
634322.648224166,6070890.06916606,28.78,18.21,0.12,4.17,2.7,3.58
635322.648224166,6070890.06916606,72.82,45.45,2.34,5.57,10.95,8.51
636322.648224166,6070890.06916606,3.68,2.27,0.03,0.19,0.5,0.69
640322.648224166,6070890.06916606,0.15,0.15,0,0,0,0
641322.648224166,6070890.06916606,8.23,8.23,0,0,0,0
642322.648224166,6070890.06916606,0.6,0.6,0,0,0,0
619322.648224166,6069890.06916606,14.74,4.69,0.61,0.74,3.81,4.89
620322.648224166,6069890.06916606,74.97,55.43,0.98,2.34,5.22,11
621322.648224166,6069890.06916606,2.4,0.38,0.09,0.24,0.79,0.9
623322.648224166,6069890.06916606,11.09,10.64,0,0.25,0.02,0.18
624322.648224166,6069890.06916606,13.01,9.98,0.1,0.4,0.58,1.95
629322.648224166,6069890.06916606,2.97,2.97,0,0,0,0
630322.648224166,6069890.06916606,19.2,15.19,0,2.63,0.88,0.5
631322.648224166,6069890.06916606,4.2,4.2,0,0,0,0
632322.648224166,6069890.06916606,0.76,0.73,0,0.03,0,0
633322.648224166,6069890.06916606,55.49,34.07,0.51,11.59,7.4,1.92
634322.648224166,6069890.06916606,90.84,50.33,0.63,8.35,7.44,24.09
635322.648224166,6069890.06916606,73.76,52.08,1.12,4.14,7.58,8.84
636322.648224166,6069890.06916606,0.47,0.01,0,0,0.34,0.12
640322.648224166,6069890.06916606,7.52,7.52,0,0,0,0
641322.648224166,6069890.06916606,0.44,0.44,0,0,0,0
607322.648224166,6068890.06916606,1.65,1.65,0,0,0,0
608322.648224166,6068890.06916606,0.64,0.64,0,0,0,0
610322.648224166,6068890.06916606,0.2,0.2,0,0,0,0
618322.648224166,6068890.06916606,3.07,2.21,0,0.62,0.23,0.01
619322.648224166,6068890.06916606,11.42,9.58,0.05,0.15,0.31,1.33
620322.648224166,6068890.06916606,70.39,38.24,2.41,3.06,12.37,14.31
621322.648224166,6068890.06916606,7.68,2,0.39,0.18,0.97,4.14
623322.648224166,6068890.06916606,23.68,18.98,0.03,2.08,0.87,1.72
624322.648224166,6068890.06916606,3.79,3.72,0,0.07,0,0
634322.648224166,6068890.06916606,60.91,26.89,0.35,6.64,8.94,18.09
635322.648224166,6068890.06916606,52.22,37.41,3.25,5.41,3.63,2.52
636322.648224166,6068890.06916606,11.17,8.6,0.16,1.9,0.01,0.5
639322.648224166,6068890.06916606,7.05,7.05,0,0,0,0
640322.648224166,6068890.06916606,7.23,7.23,0,0,0,0
606322.648224166,6067890.06916606,7.45,4.41,0.55,0.38,1.09,1.02
607322.648224166,6067890.06916606,16.63,15.89,0.13,0.23,0.16,0.22
608322.648224166,6067890.06916606,3.25,3.25,0,0,0,0
610322.648224166,6067890.06916606,22.85,21.84,0.31,0.31,0.13,0.26
611322.648224166,6067890.06916606,10.7,7.93,0.59,0.32,0.59,1.27
618322.648224166,6067890.06916606,63.09,61.45,0,0.21,0.69,0.74
619322.648224166,6067890.06916606,16.61,14.59,0,1.37,0.21,0.44
620322.648224166,6067890.06916606,93.1,31.57,1.5,14.92,15.67,29.44
621322.648224166,6067890.06916606,20.05,14.52,0.11,1.57,0.82,3.03
622322.648224166,6067890.06916606,0.58,0.14,0.2,0.07,0.12,0.05
623322.648224166,6067890.06916606,7.67,3.67,0.56,0.34,1.99,1.11
624322.648224166,6067890.06916606,12.95,12.73,0.03,0,0.03,0.16
634322.648224166,6067890.06916606,2.26,1.87,0,0,0.08,0.31
635322.648224166,6067890.06916606,54.48,46.81,0.22,2.83,1.41,3.21
636322.648224166,6067890.06916606,69.38,59.44,0.4,3.68,5.06,0.8
637322.648224166,6067890.06916606,38.29,36.05,0.79,0.41,0.06,0.98
638322.648224166,6067890.06916606,14.6,14.4,0.01,0,0,0.19
639322.648224166,6067890.06916606,9.65,9.64,0,0,0,0.01
640322.648224166,6067890.06916606,7.3,6.87,0.02,0.4,0,0.01
641322.648224166,6067890.06916606,2.14,1.67,0.13,0.27,0,0.07
606322.648224166,6066890.06916606,53.94,52.93,0.35,0,0.18,0.48
607322.648224166,6066890.06916606,66.17,64.37,0.13,0.13,0.3,1.24
608322.648224166,6066890.06916606,30.04,30.04,0,0,0,0
609322.648224166,6066890.06916606,4.75,4.75,0,0,0,0
610322.648224166,6066890.06916606,7.65,7.65,0,0,0,0
611322.648224166,6066890.06916606,6.33,6.28,0,0,0,0.05
618322.648224166,6066890.06916606,28.29,27.32,0.06,0.43,0.12,0.36
619322.648224166,6066890.06916606,5.12,3.7,0.31,0.12,0.11,0.88
620322.648224166,6066890.06916606,42.73,23.13,1.33,2.3,5.87,10.1
621322.648224166,6066890.06916606,21.8,9.87,4.37,1.2,3.13,3.23
623322.648224166,6066890.06916606,7.83,4.43,0.01,2.34,0.05,1
624322.648224166,6066890.06916606,6.78,3.5,1.4,0.91,0.7,0.27
635322.648224166,6066890.06916606,8.97,7.08,0.17,0.74,0.67,0.31
636322.648224166,6066890.06916606,43.11,35.19,0.08,4.19,2.78,0.87
637322.648224166,6066890.06916606,20.51,20.01,0.11,0.24,0,0.15
640322.648224166,6066890.06916606,1,1,0,0,0,0
641322.648224166,6066890.06916606,1.75,1.75,0,0,0,0
606322.648224166,6065890.06916606,12.99,12.99,0,0,0,0
607322.648224166,6065890.06916606,53.76,53.76,0,0,0,0
608322.648224166,6065890.06916606,0.87,0.87,0,0,0,0
610322.648224166,6065890.06916606,1.35,1.35,0,0,0,0
611322.648224166,6065890.06916606,4.71,4.71,0,0,0,0
612322.648224166,6065890.06916606,2.56,2.32,0,0.02,0.02,0.2
618322.648224166,6065890.06916606,8.23,6.77,0.13,0.18,0.16,0.99
619322.648224166,6065890.06916606,12.07,8.88,0.69,0.28,1.01,1.21
620322.648224166,6065890.06916606,61.44,33.61,16.35,3.1,3.96,4.42
621322.648224166,6065890.06916606,50.77,26.51,3.5,2.14,12.3,6.32
622322.648224166,6065890.06916606,16.75,3.03,2.78,1.45,7.53,1.96
623322.648224166,6065890.06916606,14.27,8.26,0.3,0.44,3.26,2.01
625322.648224166,6065890.06916606,42.75,41.26,0.07,0.29,0.42,0.71
626322.648224166,6065890.06916606,55.91,52.9,0.3,0.74,0.84,1.13
627322.648224166,6065890.06916606,1.19,0.89,0,0.01,0.1,0.19
606322.648224166,6064890.06916606,38.61,38.61,0,0,0,0
607322.648224166,6064890.06916606,13.98,12.68,0.03,0.03,0.33,0.91
611322.648224166,6064890.06916606,6.82,6.82,0,0,0,0
612322.648224166,6064890.06916606,1.19,1.19,0,0,0,0
619322.648224166,6064890.06916606,2.43,0.37,0.1,0.03,1.14,0.79
620322.648224166,6064890.06916606,79.23,57.44,2.73,4.8,7.59,6.67
621322.648224166,6064890.06916606,37.54,12.21,14.46,1.46,5.88,3.53
622322.648224166,6064890.06916606,21.84,8.63,0.65,3.18,7.67,1.71
623322.648224166,6064890.06916606,51.4,37.84,0.94,2.06,4.07,6.49
624322.648224166,6064890.06916606,62.24,49.29,0.93,3.08,4.39,4.55
625322.648224166,6064890.06916606,31.57,24.55,0.32,0.22,2.25,4.23
626322.648224166,6064890.06916606,98.81,97.12,0.32,0.33,0.11,0.93
627322.648224166,6064890.06916606,16.96,15.75,0.1,0.69,0.18,0.24
637322.648224166,6064890.06916606,2.58,2.58,0,0,0,0
606322.648224166,6063890.06916606,1.89,1.89,0,0,0,0
609322.648224166,6063890.06916606,0.07,0.07,0,0,0,0
610322.648224166,6063890.06916606,31.86,29.59,0.22,0.36,0.27,1.42
611322.648224166,6063890.06916606,0.17,0.17,0,0,0,0
612322.648224166,6063890.06916606,7.44,7.44,0,0,0,0
619322.648224166,6063890.06916606,0.08,0.08,0,0,0,0
620322.648224166,6063890.06916606,22.5,18.7,0.39,0.76,1.18,1.47
621322.648224166,6063890.06916606,81.66,62.34,2.99,6.11,3.56,6.66
622322.648224166,6063890.06916606,77.55,57.86,2.66,4.64,7.87,4.52
623322.648224166,6063890.06916606,90.64,83.59,0.75,3.29,1.58,1.43
624322.648224166,6063890.06916606,45.64,43.64,0.2,0.58,0.71,0.51
625322.648224166,6063890.06916606,15.25,13.71,0.37,0.15,0.22,0.8
626322.648224166,6063890.06916606,36.97,34.35,0.28,0.2,1.04,1.1
627322.648224166,6063890.06916606,70.29,69.61,0.01,0.33,0.22,0.12
637322.648224166,6063890.06916606,3.37,3.37,0,0,0,0
594322.648224166,6062890.06916606,1.94,1.94,0,0,0,0
600322.648224166,6062890.06916606,0.16,0.16,0,0,0,0
601322.648224166,6062890.06916606,0.62,0.62,0,0,0,0
606322.648224166,6062890.06916606,4.47,4.47,0,0,0,0
609322.648224166,6062890.06916606,7.72,6.96,0.24,0.19,0.18,0.15
610322.648224166,6062890.06916606,35.18,24.98,0.57,1.78,2.85,5
611322.648224166,6062890.06916606,1.57,1.28,0.11,0.01,0.02,0.15
612322.648224166,6062890.06916606,7.83,7.83,0,0,0,0
622322.648224166,6062890.06916606,10.51,10.51,0,0,0,0
623322.648224166,6062890.06916606,0.09,0.09,0,0,0,0
624322.648224166,6062890.06916606,0.19,0.06,0,0.01,0.07,0.05
625322.648224166,6062890.06916606,36.96,26.39,0.59,2.57,3.12,4.29
626322.648224166,6062890.06916606,5.37,4.81,0,0.02,0.23,0.31
627322.648224166,6062890.06916606,67.59,58.74,0.62,2.11,2.16,3.96
636322.648224166,6062890.06916606,0.58,0.58,0,0,0,0
637322.648224166,6062890.06916606,2.69,2.69,0,0,0,0
594322.648224166,6061890.06916606,0.25,0.25,0,0,0,0
595322.648224166,6061890.06916606,0.74,0.74,0,0,0,0
601322.648224166,6061890.06916606,0.83,0.83,0,0,0,0
602322.648224166,6061890.06916606,0.93,0.93,0,0,0,0
603322.648224166,6061890.06916606,1.04,1.04,0,0,0,0
604322.648224166,6061890.06916606,0.66,0.66,0,0,0,0
605322.648224166,6061890.06916606,0.37,0.37,0,0,0,0
606322.648224166,6061890.06916606,2.68,2.68,0,0,0,0
610322.648224166,6061890.06916606,0.1,0.1,0,0,0,0
611322.648224166,6061890.06916606,0.52,0.45,0,0.06,0,0.01
612322.648224166,6061890.06916606,9.52,9.52,0,0,0,0
613322.648224166,6061890.06916606,0.46,0.46,0,0,0,0
623322.648224166,6061890.06916606,4.48,3.96,0.05,0.39,0.08,0
624322.648224166,6061890.06916606,40.99,30.88,0.73,4.9,2.47,2.01
625322.648224166,6061890.06916606,13.24,6.66,0.33,1.68,1.83,2.74
626322.648224166,6061890.06916606,15.89,14.91,0.16,0.21,0.26,0.35
627322.648224166,6061890.06916606,14.15,10.22,0.01,0.84,1.49,1.59
629322.648224166,6061890.06916606,1.39,0,0,0,1.38,0.01
630322.648224166,6061890.06916606,12.94,8.77,0.21,1.99,1.07,0.9
631322.648224166,6061890.06916606,10.46,8.36,0.25,0.01,0.24,1.6
632322.648224166,6061890.06916606,2.35,2.35,0,0,0,0
636322.648224166,6061890.06916606,9.35,8.55,0.01,0,0.19,0.6
637322.648224166,6061890.06916606,8.22,8.22,0,0,0,0
641322.648224166,6061890.06916606,0.34,0.34,0,0,0,0
594322.648224166,6060890.06916606,3.22,3.22,0,0,0,0
603322.648224166,6060890.06916606,3.9,3.9,0,0,0,0
604322.648224166,6060890.06916606,0.48,0.48,0,0,0,0
606322.648224166,6060890.06916606,0.61,0.61,0,0,0,0
612322.648224166,6060890.06916606,4.4,4.12,0.2,0.03,0.01,0.04
613322.648224166,6060890.06916606,5.44,5.44,0,0,0,0
623322.648224166,6060890.06916606,54.82,41.83,2.52,4.89,2.92,2.66
624322.648224166,6060890.06916606,13.11,12.39,0.03,0.3,0.02,0.37
626322.648224166,6060890.06916606,1.57,1.1,0.07,0.23,0.03,0.14
627322.648224166,6060890.06916606,19,16.45,0.2,0.42,0.83,1.1
628322.648224166,6060890.06916606,3.28,2.13,0.04,0.4,0.6,0.11
629322.648224166,6060890.06916606,8.72,5.4,0.01,0.09,2.87,0.35
630322.648224166,6060890.06916606,18.89,7.02,0.3,3.16,3.45,4.96
631322.648224166,6060890.06916606,19.86,15.01,0.07,0.09,0.17,4.52
632322.648224166,6060890.06916606,1.79,1.78,0,0.01,0,0
633322.648224166,6060890.06916606,12.96,7.42,0.69,0.55,1.06,3.24
637322.648224166,6060890.06916606,4.44,4.43,0,0.01,0,0
638322.648224166,6060890.06916606,4.2,4.2,0,0,0,0
639322.648224166,6060890.06916606,10.49,10.49,0,0,0,0
640322.648224166,6060890.06916606,23.71,23.71,0,0,0,0
641322.648224166,6060890.06916606,0.33,0.33,0,0,0,0
643322.648224166,6060890.06916606,22.17,21.08,0.36,0.24,0.21,0.28
644322.648224166,6060890.06916606,23.73,20.64,0.56,0.69,0.99,0.85
593322.648224166,6059890.06916606,1.47,1.47,0,0,0,0
594322.648224166,6059890.06916606,1.85,1.85,0,0,0,0
613322.648224166,6059890.06916606,2.53,2.53,0,0,0,0
621322.648224166,6059890.06916606,8.56,7.26,0.23,0.72,0.18,0.17
622322.648224166,6059890.06916606,59.45,52.59,1.12,3.09,1.08,1.57
623322.648224166,6059890.06916606,39.01,30.47,0.47,3.3,2.11,2.66
627322.648224166,6059890.06916606,10.62,9.75,0.08,0.25,0.22,0.32
628322.648224166,6059890.06916606,62.77,47.31,1.46,1.89,2.56,9.55
629322.648224166,6059890.06916606,10.65,7.3,0.17,0.93,0.69,1.56
630322.648224166,6059890.06916606,7.56,6.91,0.06,0.28,0.15,0.16
633322.648224166,6059890.06916606,4.82,1.76,0.47,0.76,0.97,0.86
634322.648224166,6059890.06916606,8.75,4.68,0.42,1.09,1.8,0.76
636322.648224166,6059890.06916606,5.1,1.89,0.73,0.23,1.78,0.47
637322.648224166,6059890.06916606,9.46,6.67,0.02,1.54,0.55,0.68
638322.648224166,6059890.06916606,21.46,20.14,0.17,0.03,0.61,0.51
639322.648224166,6059890.06916606,12.16,12.16,0,0,0,0
640322.648224166,6059890.06916606,1.18,1.18,0,0,0,0
643322.648224166,6059890.06916606,0.88,0.63,0.06,0.16,0.01,0.02
644322.648224166,6059890.06916606,15.96,14.52,0.14,0.47,0.28,0.55
594322.648224166,6058890.06916606,1.14,1.11,0,0,0,0.03
600322.648224166,6058890.06916606,0.36,0.36,0,0,0,0
601322.648224166,6058890.06916606,1.02,1.02,0,0,0,0
613322.648224166,6058890.06916606,2.83,2.83,0,0,0,0
619322.648224166,6058890.06916606,2.43,1.75,0.05,0.38,0.01,0.24
620322.648224166,6058890.06916606,27.83,24.47,0.17,1.94,0.46,0.79
621322.648224166,6058890.06916606,44.41,40.34,0.38,1.93,0.35,1.41
622322.648224166,6058890.06916606,16.07,15.11,0.08,0.53,0.18,0.17
625322.648224166,6058890.06916606,0.71,0.71,0,0,0,0
626322.648224166,6058890.06916606,26.1,10.76,0,9.33,4.46,1.55
627322.648224166,6058890.06916606,13.15,10.12,0.19,1.59,0.7,0.55
628322.648224166,6058890.06916606,59.74,10.8,2,2.36,14.42,30.16
629322.648224166,6058890.06916606,74.57,43.01,3.59,2.63,7.07,18.27
630322.648224166,6058890.06916606,33.75,25.36,2.1,0.98,0.73,4.58
633322.648224166,6058890.06916606,67.29,63.76,0.2,0.37,1.47,1.49
634322.648224166,6058890.06916606,73.21,69.65,0.12,0.64,1.22,1.58
636322.648224166,6058890.06916606,18.6,6.54,1.29,5.55,3.52,1.7
637322.648224166,6058890.06916606,67.83,43.56,0.46,5.79,11.97,6.05
638322.648224166,6058890.06916606,49.93,33.47,0.18,2.07,3.9,10.31
639322.648224166,6058890.06916606,13.77,13.56,0.05,0.03,0.11,0.02
643322.648224166,6058890.06916606,3.38,3.31,0,0.03,0,0.04
644322.648224166,6058890.06916606,41.01,36.71,1.02,0.66,0.56,2.06
594322.648224166,6057890.06916606,2.22,2.2,0,0.02,0,0
597322.648224166,6057890.06916606,0.62,0.62,0,0,0,0
600322.648224166,6057890.06916606,0.86,0.86,0,0,0,0
605322.648224166,6057890.06916606,0.19,0.19,0,0,0,0
614322.648224166,6057890.06916606,6.01,6.01,0,0,0,0
615322.648224166,6057890.06916606,1.99,1.1,0.04,0.26,0.38,0.21
616322.648224166,6057890.06916606,3.55,2.8,0,0.42,0.22,0.11
617322.648224166,6057890.06916606,18.17,14.99,0.51,1.57,0.41,0.69
618322.648224166,6057890.06916606,27.48,20.78,0.41,4.02,1.2,1.07
619322.648224166,6057890.06916606,22.78,17.64,0.19,2.85,1.03,1.07
620322.648224166,6057890.06916606,16.61,16.28,0.04,0.18,0.03,0.08
621322.648224166,6057890.06916606,3.61,3.61,0,0,0,0
624322.648224166,6057890.06916606,18.99,14.19,0.27,0.13,0.99,3.41
625322.648224166,6057890.06916606,70.92,57.39,0.96,5.24,2.62,4.71
626322.648224166,6057890.06916606,91.04,69.72,0.25,4.95,7.43,8.69
627322.648224166,6057890.06916606,35.98,30.94,0,2.12,0.23,2.69
628322.648224166,6057890.06916606,0.08,0.06,0,0,0,0.02
629322.648224166,6057890.06916606,16.83,7.5,3.58,0.36,0.69,4.7
630322.648224166,6057890.06916606,25.09,18.66,1.54,1.57,1.18,2.14
631322.648224166,6057890.06916606,3.23,2.12,0,0.46,0.18,0.47
632322.648224166,6057890.06916606,4.64,3.46,0.07,0.08,0.38,0.65
633322.648224166,6057890.06916606,36.15,31.3,0.48,1.13,1.44,1.8
634322.648224166,6057890.06916606,39.95,35.79,0.35,2.25,0.69,0.87
636322.648224166,6057890.06916606,0.02,0,0,0,0.02,0
637322.648224166,6057890.06916606,26.08,13.26,0.06,1.45,5.53,5.78
638322.648224166,6057890.06916606,41.62,33.41,0.28,1,1.72,5.21
639322.648224166,6057890.06916606,0.78,0.78,0,0,0,0
641322.648224166,6057890.06916606,2.4,2.4,0,0,0,0
643322.648224166,6057890.06916606,2.25,2.25,0,0,0,0
644322.648224166,6057890.06916606,10.06,4.43,5,0,0.19,0.44
645322.648224166,6057890.06916606,2.87,2.13,0.58,0.16,0,0
646322.648224166,6057890.06916606,1.6,0.79,0.52,0.09,0.02,0.18
594322.648224166,6056890.06916606,0.64,0.64,0,0,0,0
595322.648224166,6056890.06916606,1.4,1.4,0,0,0,0
598322.648224166,6056890.06916606,1.67,1.67,0,0,0,0
599322.648224166,6056890.06916606,3.75,3.75,0,0,0,0
605322.648224166,6056890.06916606,0.16,0.16,0,0,0,0
606322.648224166,6056890.06916606,0.8,0.8,0,0,0,0
614322.648224166,6056890.06916606,30.68,24.19,0.1,4.59,1.15,0.65
615322.648224166,6056890.06916606,27.15,16.5,0.02,7.92,2.28,0.43
616322.648224166,6056890.06916606,22.43,17.1,0.14,2.98,1.34,0.87
617322.648224166,6056890.06916606,4.8,4.57,0,0.13,0,0.1
620322.648224166,6056890.06916606,7.5,7.5,0,0,0,0
621322.648224166,6056890.06916606,4.12,4.12,0,0,0,0
624322.648224166,6056890.06916606,21.35,20.4,0.09,0.07,0.09,0.7
625322.648224166,6056890.06916606,64.72,61.34,0.07,1.2,0.18,1.93
626322.648224166,6056890.06916606,28.86,28.86,0,0,0,0
627322.648224166,6056890.06916606,1.34,1.34,0,0,0,0
630322.648224166,6056890.06916606,19.96,16.85,0.12,0.52,0.99,1.48
631322.648224166,6056890.06916606,2.02,0.1,0,0,0.01,1.91
632322.648224166,6056890.06916606,9.5,3.29,0.38,0.1,0.64,5.09
633322.648224166,6056890.06916606,29.25,24.52,0.08,0.46,0.88,3.31
636322.648224166,6056890.06916606,10.94,3.72,0.59,0.99,4.23,1.41
637322.648224166,6056890.06916606,34.07,13.18,2.19,1.67,4.97,12.06
638322.648224166,6056890.06916606,76.84,47.33,0.86,4.11,13.56,10.98
639322.648224166,6056890.06916606,20.88,18.7,0.15,0.2,0.37,1.46
640322.648224166,6056890.06916606,3.53,3.49,0,0,0.03,0.01
641322.648224166,6056890.06916606,5.07,5.07,0,0,0,0
644322.648224166,6056890.06916606,0.33,0.33,0,0,0,0
645322.648224166,6056890.06916606,3.49,2.42,0.77,0.08,0.1,0.12
646322.648224166,6056890.06916606,38.35,29.58,2.61,0.68,0.27,5.21
647322.648224166,6056890.06916606,6.01,5.54,0.06,0.16,0.14,0.11
650322.648224166,6056890.06916606,0.19,0.19,0,0,0,0
668322.648224166,6056890.06916606,0.4,0.39,0,0.01,0,0
595322.648224166,6055890.06916606,1.13,1.13,0,0,0,0
596322.648224166,6055890.06916606,0.24,0.24,0,0,0,0
598322.648224166,6055890.06916606,3.86,3.86,0,0,0,0
599322.648224166,6055890.06916606,0.04,0.04,0,0,0,0
605322.648224166,6055890.06916606,0.34,0.34,0,0,0,0
606322.648224166,6055890.06916606,1.66,1.66,0,0,0,0
607322.648224166,6055890.06916606,0.68,0.68,0,0,0,0
608322.648224166,6055890.06916606,1.32,1.32,0,0,0,0
609322.648224166,6055890.06916606,1.42,1.42,0,0,0,0
610322.648224166,6055890.06916606,0.34,0.34,0,0,0,0
611322.648224166,6055890.06916606,4.5,4.11,0.06,0.24,0.09,0
612322.648224166,6055890.06916606,25.89,20.04,0.2,3.49,1.82,0.34
613322.648224166,6055890.06916606,32.41,28.98,0.54,1.65,0.67,0.57
614322.648224166,6055890.06916606,8.75,7.51,0.03,0.37,0.47,0.37
615322.648224166,6055890.06916606,0.67,0.67,0,0,0,0
616322.648224166,6055890.06916606,5.12,4.9,0,0.21,0,0.01
617322.648224166,6055890.06916606,10.74,9.77,0.05,0.26,0.19,0.47
618322.648224166,6055890.06916606,10.03,10.03,0,0,0,0
619322.648224166,6055890.06916606,1.91,1.91,0,0,0,0
620322.648224166,6055890.06916606,6.08,6.08,0,0,0,0
625322.648224166,6055890.06916606,11.46,11.44,0,0,0,0.02
626322.648224166,6055890.06916606,22.1,22.1,0,0,0,0
630322.648224166,6055890.06916606,6.96,6.66,0.07,0,0.05,0.18
631322.648224166,6055890.06916606,34.72,26.68,2.46,1.32,0.99,3.27
632322.648224166,6055890.06916606,4.79,4.37,0.15,0.1,0.03,0.14
633322.648224166,6055890.06916606,12.89,9.49,0.08,1.05,0.98,1.29
634322.648224166,6055890.06916606,2.7,1.21,0.29,0.29,0.5,0.41
636322.648224166,6055890.06916606,7.16,4.6,0.17,0.29,0.2,1.9
637322.648224166,6055890.06916606,46.49,18.2,1.31,1.55,8.02,17.41
638322.648224166,6055890.06916606,65.52,45.25,0.79,2.92,5.31,11.25
639322.648224166,6055890.06916606,48.17,36.76,1.11,1.8,3.14,5.36
640322.648224166,6055890.06916606,0.78,0.75,0,0.01,0.02,0
645322.648224166,6055890.06916606,1.55,1.55,0,0,0,0
646322.648224166,6055890.06916606,0.53,0.53,0,0,0,0
647322.648224166,6055890.06916606,2.85,2.85,0,0,0,0
648322.648224166,6055890.06916606,17.45,12.59,0.91,0.32,0.41,3.22
649322.648224166,6055890.06916606,32.88,22.29,0.9,0.62,0.87,8.2
650322.648224166,6055890.06916606,12.56,11.8,0.01,0.24,0.18,0.33
651322.648224166,6055890.06916606,1.51,1.51,0,0,0,0
666322.648224166,6055890.06916606,1.32,1.32,0,0,0,0
668322.648224166,6055890.06916606,11.6,5.57,1.58,0.78,0.86,2.81
669322.648224166,6055890.06916606,0.92,0.45,0.01,0.01,0.1,0.35
596322.648224166,6054890.06916606,1.95,1.95,0,0,0,0
598322.648224166,6054890.06916606,2.58,2.58,0,0,0,0
609322.648224166,6054890.06916606,1.57,1.57,0,0,0,0
610322.648224166,6054890.06916606,36.25,32.57,0.21,1.52,1.62,0.33
611322.648224166,6054890.06916606,22.79,18.18,0.28,2.13,1.16,1.04
612322.648224166,6054890.06916606,5.88,5.47,0,0.25,0.16,0
613322.648224166,6054890.06916606,0.05,0.05,0,0,0,0
615322.648224166,6054890.06916606,1.24,1.24,0,0,0,0
616322.648224166,6054890.06916606,32.08,25,2.09,1.06,1.03,2.9
617322.648224166,6054890.06916606,6.22,6.22,0,0,0,0
620322.648224166,6054890.06916606,11.03,10.39,0.02,0.25,0.2,0.17
626322.648224166,6054890.06916606,7.94,7.94,0,0,0,0
629322.648224166,6054890.06916606,5.69,5.69,0,0,0,0
630322.648224166,6054890.06916606,10.44,10.44,0,0,0,0
632322.648224166,6054890.06916606,16.58,15.08,0.3,0.66,0.1,0.44
633322.648224166,6054890.06916606,11.73,10.19,0.26,0.99,0.04,0.25
634322.648224166,6054890.06916606,36.95,30.79,1.36,0.93,1.03,2.84
635322.648224166,6054890.06916606,34.61,13.43,8.2,2.42,5.17,5.39
636322.648224166,6054890.06916606,0.45,0.23,0,0.02,0.07,0.13
637322.648224166,6054890.06916606,7.35,1.34,0,0.13,1.62,4.26
638322.648224166,6054890.06916606,78.66,32.95,1.22,4.73,10.25,29.51
639322.648224166,6054890.06916606,49.08,11.9,12.81,4.34,7.55,12.48
640322.648224166,6054890.06916606,37.71,15.89,5.19,6.47,7.31,2.85
642322.648224166,6054890.06916606,0.17,0.17,0,0,0,0
643322.648224166,6054890.06916606,1.89,1.89,0,0,0,0
644322.648224166,6054890.06916606,1.08,1.08,0,0,0,0
645322.648224166,6054890.06916606,0.64,0.64,0,0,0,0
649322.648224166,6054890.06916606,5.32,3.12,0.01,0.27,1.89,0.03
650322.648224166,6054890.06916606,36.02,27,0.14,2.68,4.56,1.64
651322.648224166,6054890.06916606,47.75,44.84,0.04,0.54,0.83,1.5
666322.648224166,6054890.06916606,19.38,17.65,0.1,0.55,0.73,0.35
668322.648224166,6054890.06916606,6.28,6.28,0,0,0,0
669322.648224166,6054890.06916606,4.75,4.39,0,0.03,0.2,0.13
596322.648224166,6053890.06916606,8.28,8.28,0,0,0,0
597322.648224166,6053890.06916606,4.37,4.37,0,0,0,0
598322.648224166,6053890.06916606,4.34,4.34,0,0,0,0
607322.648224166,6053890.06916606,2.52,2.52,0,0,0,0
608322.648224166,6053890.06916606,18.88,16.88,0.38,0.68,0.3,0.64
609322.648224166,6053890.06916606,32.84,27.28,1.2,1.91,1.09,1.36
610322.648224166,6053890.06916606,15.43,12.87,0.69,0.74,0.41,0.72
615322.648224166,6053890.06916606,33.17,30.23,0.31,1.15,0.57,0.91
616322.648224166,6053890.06916606,30.57,29.12,0.15,0.4,0.32,0.58
617322.648224166,6053890.06916606,2.65,2.65,0,0,0,0
619322.648224166,6053890.06916606,0.17,0.17,0,0,0,0
620322.648224166,6053890.06916606,13.73,13.73,0,0,0,0
626322.648224166,6053890.06916606,0.32,0.32,0,0,0,0
629322.648224166,6053890.06916606,1.9,1.9,0,0,0,0
630322.648224166,6053890.06916606,21.5,20.07,0.05,0.03,0.23,1.12
631322.648224166,6053890.06916606,4.46,3.71,0.05,0.43,0.09,0.18
632322.648224166,6053890.06916606,9.32,6.76,0.15,0.78,0.97,0.66
633322.648224166,6053890.06916606,1.29,0.84,0.03,0.12,0.14,0.16
634322.648224166,6053890.06916606,1.71,1.71,0,0,0,0
635322.648224166,6053890.06916606,10.87,7.62,0.28,0.52,1.66,0.79
636322.648224166,6053890.06916606,22.35,17.74,0.78,0.46,1.65,1.72
637322.648224166,6053890.06916606,10.32,8.85,0.34,0.43,0.5,0.2
638322.648224166,6053890.06916606,5.52,4.34,0,0.04,0.53,0.61
639322.648224166,6053890.06916606,11.6,3.2,2.2,0.65,4.57,0.98
640322.648224166,6053890.06916606,63.54,25.84,10.23,6.27,12.05,9.15
641322.648224166,6053890.06916606,29.36,23.12,0.22,3.42,0.13,2.47
642322.648224166,6053890.06916606,1.45,1.45,0,0,0,0
651322.648224166,6053890.06916606,29.1,20.38,0.32,2.03,2.97,3.4
652322.648224166,6053890.06916606,10.56,10.01,0.13,0.22,0.06,0.14
665322.648224166,6053890.06916606,1.54,1.53,0,0.01,0,0
666322.648224166,6053890.06916606,4.65,4.65,0,0,0,0
669322.648224166,6053890.06916606,10.31,10.31,0,0,0,0
593322.648224166,6052890.06916606,0.28,0.28,0,0,0,0
595322.648224166,6052890.06916606,12.69,7.9,0.48,0.36,1.28,2.67
596322.648224166,6052890.06916606,40.53,37.74,0.44,0.58,0.34,1.43
597322.648224166,6052890.06916606,60.05,55.31,1.18,1.21,0.52,1.83
598322.648224166,6052890.06916606,66.55,64.32,0.28,0.5,0.38,1.07
599322.648224166,6052890.06916606,24.37,20.5,0,0.67,0.59,2.61
600322.648224166,6052890.06916606,0.18,0.18,0,0,0,0
602322.648224166,6052890.06916606,6.63,6.63,0,0,0,0
603322.648224166,6052890.06916606,1.3,1.3,0,0,0,0
604322.648224166,6052890.06916606,0.16,0.16,0,0,0,0
605322.648224166,6052890.06916606,2.39,1.44,0.04,0.42,0.16,0.33
606322.648224166,6052890.06916606,14.02,11.71,0.43,1.09,0.43,0.36
607322.648224166,6052890.06916606,58.04,51.82,0.78,2.99,1.35,1.1
608322.648224166,6052890.06916606,40.37,36.04,0.73,2.16,0.52,0.92
609322.648224166,6052890.06916606,2.54,1.97,0,0,0.19,0.38
610322.648224166,6052890.06916606,1.08,1.08,0,0,0,0
611322.648224166,6052890.06916606,0.5,0.5,0,0,0,0
615322.648224166,6052890.06916606,0.4,0.4,0,0,0,0
616322.648224166,6052890.06916606,5.03,5.03,0,0,0,0
617322.648224166,6052890.06916606,0.27,0.27,0,0,0,0
619322.648224166,6052890.06916606,6.24,6.24,0,0,0,0
620322.648224166,6052890.06916606,4.52,4.52,0,0,0,0
621322.648224166,6052890.06916606,11.05,10.98,0,0,0,0.07
631322.648224166,6052890.06916606,11.3,11.1,0.05,0.04,0.07,0.04
632322.648224166,6052890.06916606,30.12,25.54,0.49,1.36,0.68,2.05
633322.648224166,6052890.06916606,6.54,6.54,0,0,0,0
634322.648224166,6052890.06916606,1.14,1.14,0,0,0,0
635322.648224166,6052890.06916606,9.34,8.02,0.11,0.27,0.22,0.72
636322.648224166,6052890.06916606,0.31,0.31,0,0,0,0
637322.648224166,6052890.06916606,11.64,10.59,0.08,0.05,0.33,0.59
638322.648224166,6052890.06916606,22.31,20.34,0.18,0.47,0.67,0.65
639322.648224166,6052890.06916606,34.79,25.6,0.45,0.41,2.81,5.52
640322.648224166,6052890.06916606,77.51,53.38,0.74,5.99,4.67,12.73
641322.648224166,6052890.06916606,30.33,29.04,0.23,0.25,0.2,0.61
651322.648224166,6052890.06916606,3.61,3.33,0,0.15,0.07,0.06
652322.648224166,6052890.06916606,42.35,41.36,0.04,0.43,0.14,0.38
664322.648224166,6052890.06916606,1.19,1.19,0,0,0,0
665322.648224166,6052890.06916606,6.01,6.01,0,0,0,0
669322.648224166,6052890.06916606,25.35,25.35,0,0,0,0
581322.648224166,6051890.06916606,2.51,0.39,0.37,0,1.29,0.46
582322.648224166,6051890.06916606,7.39,7.02,0,0.35,0.02,0
583322.648224166,6051890.06916606,4.3,3.46,0,0.18,0.52,0.14
593322.648224166,6051890.06916606,8.61,8.41,0.06,0.09,0.02,0.03
594322.648224166,6051890.06916606,42.6,33.96,0.48,3.32,2.75,2.09
595322.648224166,6051890.06916606,79.91,31.65,0.27,2.08,17.36,28.55
596322.648224166,6051890.06916606,28.35,24.66,0.28,0.82,1.73,0.86
597322.648224166,6051890.06916606,28.46,26.04,0.08,0.42,0.94,0.98
598322.648224166,6051890.06916606,49.57,44.94,0.43,0.9,1.56,1.74
599322.648224166,6051890.06916606,87.09,62.56,1.76,6.57,7.54,8.66
600322.648224166,6051890.06916606,82.44,58.29,0.46,3.31,7.54,12.84
601322.648224166,6051890.06916606,56.67,48.55,0.34,1.32,0.97,5.49
602322.648224166,6051890.06916606,66.14,61.71,0.58,1.75,1.08,1.02
603322.648224166,6051890.06916606,86.88,82.19,0.54,1.75,0.82,1.58
604322.648224166,6051890.06916606,41.11,37.06,0.81,1.17,0.74,1.33
605322.648224166,6051890.06916606,29.14,27.39,0.22,0.63,0.23,0.67
606322.648224166,6051890.06916606,26.4,25.15,0.04,0.45,0.58,0.18
607322.648224166,6051890.06916606,1.18,1.01,0,0.08,0.07,0.02
611322.648224166,6051890.06916606,0.5,0.5,0,0,0,0
612322.648224166,6051890.06916606,1.59,1.59,0,0,0,0
615322.648224166,6051890.06916606,0.72,0.72,0,0,0,0
618322.648224166,6051890.06916606,2.11,2.11,0,0,0,0
619322.648224166,6051890.06916606,47.22,47.22,0,0,0,0
621322.648224166,6051890.06916606,13.12,12.2,0.11,0.3,0.33,0.18
622322.648224166,6051890.06916606,0.45,0.38,0,0,0,0.07
630322.648224166,6051890.06916606,0.52,0.52,0,0,0,0
631322.648224166,6051890.06916606,10.27,10.27,0,0,0,0
632322.648224166,6051890.06916606,53.45,51.4,0.08,1.08,0.24,0.65
633322.648224166,6051890.06916606,5.42,4.15,0,0.61,0.04,0.62
634322.648224166,6051890.06916606,11.02,11.02,0,0,0,0
635322.648224166,6051890.06916606,48.45,46.04,0.92,0.4,0.16,0.93
636322.648224166,6051890.06916606,32.6,28.5,1.38,0.52,0.46,1.74
638322.648224166,6051890.06916606,22.7,20.53,0.28,0.48,0.82,0.59
639322.648224166,6051890.06916606,5.32,3.02,0,0.2,1.21,0.89
640322.648224166,6051890.06916606,31.78,24.31,0.64,1.69,3,2.14
641322.648224166,6051890.06916606,8.53,8.53,0,0,0,0
652322.648224166,6051890.06916606,26.78,19.66,0.4,1.15,1.68,3.89
653322.648224166,6051890.06916606,0.13,0.13,0,0,0,0
665322.648224166,6051890.06916606,1.37,1.37,0,0,0,0
669322.648224166,6051890.06916606,5.89,5.89,0,0,0,0
582322.648224166,6050890.06916606,0.03,0.03,0,0,0,0
583322.648224166,6050890.06916606,7.55,4.97,0,0.29,0.53,1.76
584322.648224166,6050890.06916606,17.25,16.71,0.01,0.02,0.14,0.37
585322.648224166,6050890.06916606,12.78,12.78,0,0,0,0
592322.648224166,6050890.06916606,0.66,0.45,0,0.06,0,0.15
593322.648224166,6050890.06916606,16.24,14.42,0.22,1.08,0.1,0.42
594322.648224166,6050890.06916606,46.9,39.48,0.19,2.27,3.73,1.23
595322.648224166,6050890.06916606,2.02,1.25,0.03,0.16,0.33,0.25
598322.648224166,6050890.06916606,0.35,0.35,0,0,0,0
599322.648224166,6050890.06916606,3.27,3.14,0,0.13,0,0
600322.648224166,6050890.06916606,9.54,8.86,0,0.13,0.51,0.04
601322.648224166,6050890.06916606,56.42,53.08,0.1,0.26,0.73,2.25
602322.648224166,6050890.06916606,23.13,22.7,0,0.43,0,0
603322.648224166,6050890.06916606,0.55,0.55,0,0,0,0
604322.648224166,6050890.06916606,0.08,0.08,0,0,0,0
605322.648224166,6050890.06916606,18.43,16.94,0.1,0.13,0.36,0.9
612322.648224166,6050890.06916606,0.83,0.83,0,0,0,0
615322.648224166,6050890.06916606,1.72,1.72,0,0,0,0
619322.648224166,6050890.06916606,22.6,22.6,0,0,0,0
620322.648224166,6050890.06916606,4.81,4.81,0,0,0,0
622322.648224166,6050890.06916606,7.06,7.06,0,0,0,0
631322.648224166,6050890.06916606,24.01,24.01,0,0,0,0
632322.648224166,6050890.06916606,83.67,79.01,0.15,1.77,1.17,1.57
633322.648224166,6050890.06916606,73.18,64.37,0.44,1.26,3.84,3.27
634322.648224166,6050890.06916606,67.01,57.24,0.93,2.84,2.12,3.88
635322.648224166,6050890.06916606,11.6,8.37,1.33,0.03,0,1.87
636322.648224166,6050890.06916606,2.09,0.09,1.49,0,0.05,0.46
638322.648224166,6050890.06916606,20.94,17.59,0.83,0.84,0.81,0.87
639322.648224166,6050890.06916606,20.4,14.61,0.53,0.86,0.63,3.77
641322.648224166,6050890.06916606,31.23,23.22,0.23,0.24,3.01,4.53
642322.648224166,6050890.06916606,28.26,27.65,0.23,0,0,0.38
662322.648224166,6050890.06916606,3.53,3.53,0,0,0,0
665322.648224166,6050890.06916606,0.56,0.56,0,0,0,0
666322.648224166,6050890.06916606,0.45,0.45,0,0,0,0
667322.648224166,6050890.06916606,5.99,5.99,0,0,0,0
669322.648224166,6050890.06916606,1.22,1.22,0,0,0,0
670322.648224166,6050890.06916606,2.88,2.88,0,0,0,0
584322.648224166,6049890.06916606,0.05,0.05,0,0,0,0
585322.648224166,6049890.06916606,25.47,25.43,0,0,0,0.04
586322.648224166,6049890.06916606,22.97,17.41,0.51,0.46,1.96,2.63
587322.648224166,6049890.06916606,0.35,0.35,0,0,0,0
591322.648224166,6049890.06916606,0.36,0.15,0,0,0.01,0.2
592322.648224166,6049890.06916606,55.66,44.37,0.13,0.74,2.56,7.86
593322.648224166,6049890.06916606,47.94,18.55,0.81,2.14,9.68,16.76
594322.648224166,6049890.06916606,0.32,0.25,0,0.02,0.05,0
601322.648224166,6049890.06916606,3.61,3.61,0,0,0,0
605322.648224166,6049890.06916606,8.06,8.06,0,0,0,0
606322.648224166,6049890.06916606,0.72,0.72,0,0,0,0
612322.648224166,6049890.06916606,1.54,1.54,0,0,0,0
615322.648224166,6049890.06916606,2.29,2.29,0,0,0,0
619322.648224166,6049890.06916606,0.16,0.16,0,0,0,0
621322.648224166,6049890.06916606,0.08,0.08,0,0,0,0
622322.648224166,6049890.06916606,3.76,3.76,0,0,0,0
632322.648224166,6049890.06916606,6.38,5.69,0,0.58,0.11,0
633322.648224166,6049890.06916606,74.72,64.08,1.25,3.68,3.42,2.29
634322.648224166,6049890.06916606,22.27,10.36,1.53,9.44,0.92,0.02
637322.648224166,6049890.06916606,0.46,0.46,0,0,0,0
638322.648224166,6049890.06916606,23.07,18.11,0.2,1.39,0.5,2.87
639322.648224166,6049890.06916606,58.43,42.23,6.4,4.39,1.96,3.45
641322.648224166,6049890.06916606,4.29,3.79,0.03,0,0.24,0.23
662322.648224166,6049890.06916606,29.71,24.17,0.04,1.55,2.26,1.69
666322.648224166,6049890.06916606,6.86,6.86,0,0,0,0
667322.648224166,6049890.06916606,5.67,5.67,0,0,0,0
669322.648224166,6049890.06916606,0.42,0.42,0,0,0,0
670322.648224166,6049890.06916606,0.37,0.37,0,0,0,0
586322.648224166,6048890.06916606,13.89,12.15,0.01,0.21,0.54,0.98
587322.648224166,6048890.06916606,14.34,13.78,0,0.01,0.02,0.53
588322.648224166,6048890.06916606,6.82,6.72,0,0,0,0.1
589322.648224166,6048890.06916606,1.12,1.12,0,0,0,0
590322.648224166,6048890.06916606,10.08,2.74,0.02,0.49,3.29,3.54
591322.648224166,6048890.06916606,61.1,10.49,0.89,0.58,24.43,24.71
592322.648224166,6048890.06916606,83.08,67.07,0.08,0.49,3.59,11.85
593322.648224166,6048890.06916606,4.87,3.89,0,0,0.21,0.77
601322.648224166,6048890.06916606,1.97,1.97,0,0,0,0
605322.648224166,6048890.06916606,3.2,3.2,0,0,0,0
606322.648224166,6048890.06916606,2.81,2.81,0,0,0,0
611322.648224166,6048890.06916606,0.33,0.33,0,0,0,0
612322.648224166,6048890.06916606,1.26,1.26,0,0,0,0
614322.648224166,6048890.06916606,1.87,1.87,0,0,0,0
616322.648224166,6048890.06916606,0.82,0.82,0,0,0,0
621322.648224166,6048890.06916606,3.03,3.03,0,0,0,0
622322.648224166,6048890.06916606,0.12,0.12,0,0,0,0
623322.648224166,6048890.06916606,1.53,1.53,0,0,0,0
633322.648224166,6048890.06916606,40.92,40.92,0,0,0,0
634322.648224166,6048890.06916606,65.56,64.8,0,0.76,0,0
635322.648224166,6048890.06916606,18.13,18.13,0,0,0,0
638322.648224166,6048890.06916606,22.2,20.91,0.26,0.3,0.24,0.49
639322.648224166,6048890.06916606,34.87,22.84,0.48,1.07,8.59,1.89
640322.648224166,6048890.06916606,8.01,4.27,0,1.89,0.99,0.86
641322.648224166,6048890.06916606,1.05,0.13,0.02,0.01,0.57,0.32
642322.648224166,6048890.06916606,8.9,0.76,2.03,0.61,2.94,2.56
643322.648224166,6048890.06916606,9.84,4.02,0.51,0.63,2.23,2.45
661322.648224166,6048890.06916606,6.09,6,0.02,0,0.01,0.06
662322.648224166,6048890.06916606,8.75,6.66,0.38,0.06,0.48,1.17
666322.648224166,6048890.06916606,0.9,0.9,0,0,0,0
667322.648224166,6048890.06916606,1.25,1.25,0,0,0,0
669322.648224166,6048890.06916606,0.81,0.81,0,0,0,0
586322.648224166,6047890.06916606,7.67,7.67,0,0,0,0
587322.648224166,6047890.06916606,12.86,12.86,0,0,0,0
588322.648224166,6047890.06916606,31.02,30.86,0,0.16,0,0
589322.648224166,6047890.06916606,39.29,30.68,0.87,2.17,4.34,1.23
590322.648224166,6047890.06916606,93.63,52.4,0.42,4.72,17.28,18.81
591322.648224166,6047890.06916606,45.37,19.28,0.28,2.72,13.73,9.36
592322.648224166,6047890.06916606,6.12,1.64,0.02,0.4,1.76,2.3
601322.648224166,6047890.06916606,1.13,1.13,0,0,0,0
605322.648224166,6047890.06916606,0.68,0.68,0,0,0,0
606322.648224166,6047890.06916606,4.05,4.05,0,0,0,0
611322.648224166,6047890.06916606,0.77,0.77,0,0,0,0
614322.648224166,6047890.06916606,0.75,0.75,0,0,0,0
616322.648224166,6047890.06916606,1.39,1.39,0,0,0,0
620322.648224166,6047890.06916606,7.25,7.25,0,0,0,0
621322.648224166,6047890.06916606,3.88,3.88,0,0,0,0
623322.648224166,6047890.06916606,0.5,0.5,0,0,0,0
624322.648224166,6047890.06916606,0.17,0.17,0,0,0,0
634322.648224166,6047890.06916606,0.73,0.73,0,0,0,0
639322.648224166,6047890.06916606,57.32,36.05,4.79,1.96,10.84,3.68
640322.648224166,6047890.06916606,63.7,35.93,3.92,10.7,7.67,5.48
642322.648224166,6047890.06916606,40.32,7.13,9.72,4.72,5.52,13.23
643322.648224166,6047890.06916606,17.82,8.12,0.51,1.8,2.94,4.45
644322.648224166,6047890.06916606,4.04,3.87,0,0.03,0.01,0.13
662322.648224166,6047890.06916606,4.74,4.74,0,0,0,0
665322.648224166,6047890.06916606,1.44,1.44,0,0,0,0
666322.648224166,6047890.06916606,0.33,0.33,0,0,0,0
667322.648224166,6047890.06916606,5.26,5.26,0,0,0,0
668322.648224166,6047890.06916606,0.57,0.57,0,0,0,0
669322.648224166,6047890.06916606,0.58,0.58,0,0,0,0
670322.648224166,6047890.06916606,2.98,2.98,0,0,0,0
588322.648224166,6046890.06916606,11.51,9.76,0,0.09,0.73,0.93
589322.648224166,6046890.06916606,51.94,33.31,0.15,10.38,5.97,2.13
590322.648224166,6046890.06916606,18.1,14.16,0,1.15,1.65,1.14
591322.648224166,6046890.06916606,1.26,1.26,0,0,0,0
601322.648224166,6046890.06916606,3.16,3.16,0,0,0,0
602322.648224166,6046890.06916606,5.32,5.22,0.04,0.06,0,0
606322.648224166,6046890.06916606,3.5,3.5,0,0,0,0
613322.648224166,6046890.06916606,0.16,0.16,0,0,0,0
616322.648224166,6046890.06916606,0.48,0.48,0,0,0,0
620322.648224166,6046890.06916606,0.16,0.16,0,0,0,0
621322.648224166,6046890.06916606,6.66,6.66,0,0,0,0
624322.648224166,6046890.06916606,1.54,1.54,0,0,0,0
625322.648224166,6046890.06916606,0.43,0.43,0,0,0,0
626322.648224166,6046890.06916606,0.08,0.08,0,0,0,0
627322.648224166,6046890.06916606,2.47,1.85,0,0.1,0.07,0.45
628322.648224166,6046890.06916606,0.16,0.16,0,0,0,0
639322.648224166,6046890.06916606,33.54,31.93,0.04,0.14,0.15,1.28
640322.648224166,6046890.06916606,43.91,38.62,0.1,2.67,1.08,1.44
643322.648224166,6046890.06916606,7.46,3.7,0,2.69,0.31,0.76
644322.648224166,6046890.06916606,11.65,7.52,0.12,1.76,0.18,2.07
661322.648224166,6046890.06916606,5.55,5.36,0,0.18,0,0.01
662322.648224166,6046890.06916606,29.48,29.48,0,0,0,0
663322.648224166,6046890.06916606,0.21,0.21,0,0,0,0
666322.648224166,6046890.06916606,1.46,1.46,0,0,0,0
667322.648224166,6046890.06916606,0.07,0.07,0,0,0,0
668322.648224166,6046890.06916606,1.45,1.45,0,0,0,0
669322.648224166,6046890.06916606,2.17,2.17,0,0,0,0
670322.648224166,6046890.06916606,25.22,25.22,0,0,0,0
671322.648224166,6046890.06916606,0.32,0.32,0,0,0,0
685322.648224166,6046890.06916606,0.65,0.65,0,0,0,0
587322.648224166,6045890.06916606,6.72,2.74,0.09,0.48,1.2,2.21
588322.648224166,6045890.06916606,22.9,21.68,0,0.55,0.13,0.54
601322.648224166,6045890.06916606,2.62,2.62,0,0,0,0
602322.648224166,6045890.06916606,1.83,1.83,0,0,0,0
606322.648224166,6045890.06916606,3.43,3.43,0,0,0,0
616322.648224166,6045890.06916606,0.69,0.69,0,0,0,0
621322.648224166,6045890.06916606,3.51,3.51,0,0,0,0
622322.648224166,6045890.06916606,0.31,0.31,0,0,0,0
625322.648224166,6045890.06916606,0.94,0.92,0,0.02,0,0
626322.648224166,6045890.06916606,6.23,5.97,0,0,0.02,0.24
627322.648224166,6045890.06916606,54.74,50.14,0.13,0.87,1.01,2.59
628322.648224166,6045890.06916606,28.61,27.84,0.01,0.13,0.06,0.57
639322.648224166,6045890.06916606,21.04,17.66,0.09,0.86,0.14,2.29
640322.648224166,6045890.06916606,21.48,18.83,0.01,0.53,0.67,1.44
644322.648224166,6045890.06916606,32.29,19.06,0.77,9.96,1.92,0.58
645322.648224166,6045890.06916606,10.03,9.75,0.02,0.06,0.06,0.14
662322.648224166,6045890.06916606,0.79,0.77,0,0,0.01,0.01
663322.648224166,6045890.06916606,2.4,2.4,0,0,0,0
664322.648224166,6045890.06916606,1.46,1.46,0,0,0,0
666322.648224166,6045890.06916606,7.53,7.49,0,0.02,0,0.02
667322.648224166,6045890.06916606,3.75,2.88,0,0.14,0.54,0.19
668322.648224166,6045890.06916606,4,4,0,0,0,0
669322.648224166,6045890.06916606,1.19,1.19,0,0,0,0
670322.648224166,6045890.06916606,0.75,0.75,0,0,0,0
671322.648224166,6045890.06916606,25.94,19.49,0.22,2.31,1.09,2.83
672322.648224166,6045890.06916606,1.05,1.05,0,0,0,0
673322.648224166,6045890.06916606,0.42,0.42,0,0,0,0
675322.648224166,6045890.06916606,0.34,0.34,0,0,0,0
676322.648224166,6045890.06916606,1.04,1.04,0,0,0,0
685322.648224166,6045890.06916606,0.36,0.36,0,0,0,0
586322.648224166,6044890.06916606,4.6,4.07,0,0.01,0.08,0.44
587322.648224166,6044890.06916606,61.96,46.93,0.54,2.02,2.45,10.02
588322.648224166,6044890.06916606,2.29,2.29,0,0,0,0
600322.648224166,6044890.06916606,1.14,1.14,0,0,0,0
601322.648224166,6044890.06916606,2.98,2.98,0,0,0,0
606322.648224166,6044890.06916606,2.37,2.37,0,0,0,0
607322.648224166,6044890.06916606,0.61,0.61,0,0,0,0
621322.648224166,6044890.06916606,4.11,4.11,0,0,0,0
627322.648224166,6044890.06916606,3.87,2.9,0,0.45,0.15,0.37
628322.648224166,6044890.06916606,4.26,3.64,0.01,0.12,0.06,0.43
639322.648224166,6044890.06916606,22.8,19.13,0.08,1.62,0.95,1.02
640322.648224166,6044890.06916606,22.91,18.26,0.04,0.86,0.64,3.11
641322.648224166,6044890.06916606,0.55,0.55,0,0,0,0
644322.648224166,6044890.06916606,10.19,9.58,0,0.17,0.19,0.25
645322.648224166,6044890.06916606,27.18,23.57,0.26,1.83,0.54,0.98
663322.648224166,6044890.06916606,3.65,3.64,0,0,0,0.01
664322.648224166,6044890.06916606,0.28,0.28,0,0,0,0
665322.648224166,6044890.06916606,0.67,0.67,0,0,0,0
667322.648224166,6044890.06916606,15.07,13.52,0.01,0.23,0.43,0.88
668322.648224166,6044890.06916606,31.41,16.98,1.63,1.36,7.62,3.82
669322.648224166,6044890.06916606,39.98,37.07,1.16,0.01,0.17,1.57
670322.648224166,6044890.06916606,13.76,13.76,0,0,0,0
671322.648224166,6044890.06916606,1.07,1.07,0,0,0,0
672322.648224166,6044890.06916606,20.52,18.11,0.3,0.17,0.18,1.76
675322.648224166,6044890.06916606,5.91,5.91,0,0,0,0
676322.648224166,6044890.06916606,0.82,0.82,0,0,0,0
685322.648224166,6044890.06916606,0.16,0.16,0,0,0,0
586322.648224166,6043890.06916606,14.8,13.68,0.03,0.11,0.41,0.57
587322.648224166,6043890.06916606,24.61,20.56,0.08,0.3,1.1,2.57
602322.648224166,6043890.06916606,10.75,3.55,0,0,1.01,6.19
606322.648224166,6043890.06916606,0.4,0.4,0,0,0,0
607322.648224166,6043890.06916606,2.11,2.11,0,0,0,0
611322.648224166,6043890.06916606,0.16,0.16,0,0,0,0
620322.648224166,6043890.06916606,1.87,1.87,0,0,0,0
621322.648224166,6043890.06916606,0.1,0.1,0,0,0,0
639322.648224166,6043890.06916606,41.41,36.64,0.07,1.67,1.49,1.54
640322.648224166,6043890.06916606,3.44,3.26,0,0.06,0,0.12
641322.648224166,6043890.06916606,4.55,3.17,0,0.02,0.3,1.06
642322.648224166,6043890.06916606,3.3,3.3,0,0,0,0
645322.648224166,6043890.06916606,11.91,11.91,0,0,0,0
646322.648224166,6043890.06916606,2.35,2.35,0,0,0,0
663322.648224166,6043890.06916606,8.56,7.59,0,0.41,0.27,0.29
664322.648224166,6043890.06916606,44.18,30.07,0.32,3.89,1.36,8.54
665322.648224166,6043890.06916606,45.41,26.9,0.47,5.46,2.47,10.11
666322.648224166,6043890.06916606,58.24,47.32,0.7,0.72,2.86,6.64
667322.648224166,6043890.06916606,34.23,26.51,0.17,0.42,1.78,5.35
668322.648224166,6043890.06916606,52.68,43.71,0.39,0.81,2.72,5.05
669322.648224166,6043890.06916606,60.47,56.43,0.11,0.29,0.9,2.74
670322.648224166,6043890.06916606,70.47,60.79,0.25,0.62,0.9,7.91
671322.648224166,6043890.06916606,59.26,24.91,4.47,7.15,6.58,16.15
672322.648224166,6043890.06916606,59.38,11.86,13.16,5.19,7.14,22.03
673322.648224166,6043890.06916606,41.3,32.2,0.02,0.15,1.84,7.09
674322.648224166,6043890.06916606,13.34,10.94,0.19,0.19,0.42,1.6
675322.648224166,6043890.06916606,2.04,1.57,0,0,0.01,0.46
683322.648224166,6043890.06916606,0.01,0.01,0,0,0,0
684322.648224166,6043890.06916606,3.36,3.36,0,0,0,0
586322.648224166,6042890.06916606,37,34.17,0.05,0.36,0.63,1.79
587322.648224166,6042890.06916606,9.57,7.76,0.35,0.03,0.26,1.17
602322.648224166,6042890.06916606,13.56,5.53,0.02,0.1,2.31,5.6
603322.648224166,6042890.06916606,0.79,0.79,0,0,0,0
607322.648224166,6042890.06916606,2.83,2.83,0,0,0,0
610322.648224166,6042890.06916606,0.5,0.5,0,0,0,0
611322.648224166,6042890.06916606,0.81,0.81,0,0,0,0
620322.648224166,6042890.06916606,0.16,0.16,0,0,0,0
638322.648224166,6042890.06916606,7.02,7.02,0,0,0,0
639322.648224166,6042890.06916606,49.95,39.12,0.48,3.73,2.46,4.16
640322.648224166,6042890.06916606,28.3,17.65,1.32,3.08,2.08,4.17
642322.648224166,6042890.06916606,5.76,5.38,0,0,0,0.38
645322.648224166,6042890.06916606,1.19,0.87,0.11,0.16,0.02,0.03
646322.648224166,6042890.06916606,18.51,16.66,0.5,0.3,0.12,0.93
662322.648224166,6042890.06916606,0.66,0.55,0,0,0.01,0.1
663322.648224166,6042890.06916606,87.66,75.13,0.5,2.15,2.83,7.05
664322.648224166,6042890.06916606,9.24,5.38,0,0.78,0.37,2.71
668322.648224166,6042890.06916606,31.84,5.1,0.9,20.26,4.59,0.99
669322.648224166,6042890.06916606,41.19,38.99,0.52,1.32,0.01,0.35
670322.648224166,6042890.06916606,24.01,24.01,0,0,0,0
671322.648224166,6042890.06916606,7.66,7.63,0,0,0,0.03
672322.648224166,6042890.06916606,41.78,13.2,2.32,0.53,4.9,20.83
673322.648224166,6042890.06916606,55.45,24.44,1.42,0.97,9.07,19.55
674322.648224166,6042890.06916606,49.47,34.73,1.4,1.6,2.65,9.09
675322.648224166,6042890.06916606,39.32,31.99,0.5,1.11,2.47,3.25
676322.648224166,6042890.06916606,3.07,0.89,0.68,0.09,0.73,0.68
682322.648224166,6042890.06916606,6.92,6.81,0,0.11,0,0
683322.648224166,6042890.06916606,19.06,18.78,0.21,0,0.01,0.06
684322.648224166,6042890.06916606,75.38,50.33,20.28,3.54,0.44,0.79
685322.648224166,6042890.06916606,2.37,2.37,0,0,0,0
586322.648224166,6041890.06916606,44.34,36.47,1.71,1.73,2.94,1.49
587322.648224166,6041890.06916606,6.55,4.96,0.02,0.93,0.41,0.23
603322.648224166,6041890.06916606,0.66,0.66,0,0,0,0
606322.648224166,6041890.06916606,1.88,1.88,0,0,0,0
607322.648224166,6041890.06916606,2.85,2.85,0,0,0,0
609322.648224166,6041890.06916606,0.18,0.18,0,0,0,0
610322.648224166,6041890.06916606,0.79,0.79,0,0,0,0
611322.648224166,6041890.06916606,0.72,0.72,0,0,0,0
612322.648224166,6041890.06916606,1.28,1.28,0,0,0,0
635322.648224166,6041890.06916606,0.13,0.13,0,0,0,0
636322.648224166,6041890.06916606,2.49,2.49,0,0,0,0
637322.648224166,6041890.06916606,1.15,1.15,0,0,0,0
638322.648224166,6041890.06916606,28.33,26.84,0.29,0.04,0.4,0.76
639322.648224166,6041890.06916606,64.17,35.75,11.46,0.81,2.08,14.07
640322.648224166,6041890.06916606,58.46,46.88,0.4,2.34,2.54,6.3
642322.648224166,6041890.06916606,0.92,0.73,0,0.01,0,0.18
643322.648224166,6041890.06916606,34.79,34.48,0,0.17,0,0.14
646322.648224166,6041890.06916606,12.65,12.16,0.07,0,0.04,0.38
662322.648224166,6041890.06916606,2.06,2.06,0,0,0,0
663322.648224166,6041890.06916606,47.3,37.42,0.7,1.53,2.99,4.66
667322.648224166,6041890.06916606,0.27,0.23,0,0,0,0.04
668322.648224166,6041890.06916606,48.17,32.68,2.3,8.51,4,0.68
669322.648224166,6041890.06916606,29.38,24.53,1.51,0.94,1.54,0.86
670322.648224166,6041890.06916606,67.36,66.63,0.16,0.11,0.07,0.39
671322.648224166,6041890.06916606,60.16,57.7,0.59,0.27,0.82,0.78
672322.648224166,6041890.06916606,41.65,36.12,2.66,0.31,0.35,2.21
673322.648224166,6041890.06916606,1.08,0.93,0,0,0,0.15
674322.648224166,6041890.06916606,7.79,7.42,0,0.07,0.12,0.18
675322.648224166,6041890.06916606,50,40.83,0.13,1.79,2.27,4.98
676322.648224166,6041890.06916606,36.55,33.6,0.65,0.15,0.47,1.68
677322.648224166,6041890.06916606,2.04,0.59,0,0.01,1,0.44
679322.648224166,6041890.06916606,10.42,9.35,0.28,0.44,0.11,0.24
680322.648224166,6041890.06916606,8.79,7.71,0,0.85,0.04,0.19
681322.648224166,6041890.06916606,8.99,8.79,0,0.01,0.04,0.15
682322.648224166,6041890.06916606,5.46,5.28,0.02,0.04,0.06,0.06
683322.648224166,6041890.06916606,3.67,3.67,0,0,0,0
684322.648224166,6041890.06916606,70,42.78,0.35,23.31,1.37,2.19
685322.648224166,6041890.06916606,7.69,7.69,0,0,0,0
690322.648224166,6041890.06916606,0.12,0.12,0,0,0,0
586322.648224166,6040890.06916606,60.54,36.99,0.22,18.74,4.07,0.52
587322.648224166,6040890.06916606,1.16,0.67,0,0.1,0.3,0.09
602322.648224166,6040890.06916606,1.59,1.59,0,0,0,0
603322.648224166,6040890.06916606,4.47,4.47,0,0,0,0
604322.648224166,6040890.06916606,3.23,3.23,0,0,0,0
605322.648224166,6040890.06916606,4.4,4.4,0,0,0,0
606322.648224166,6040890.06916606,7.2,7.11,0,0,0,0.09
607322.648224166,6040890.06916606,3.4,3.4,0,0,0,0
608322.648224166,6040890.06916606,1.08,1.08,0,0,0,0
609322.648224166,6040890.06916606,0.82,0.82,0,0,0,0
610322.648224166,6040890.06916606,1.13,1.13,0,0,0,0
611322.648224166,6040890.06916606,0.56,0.56,0,0,0,0
613322.648224166,6040890.06916606,6.43,6.43,0,0,0,0
614322.648224166,6040890.06916606,7.94,3.95,0,0,0.78,3.21
615322.648224166,6040890.06916606,1.71,1.65,0,0,0,0.06
634322.648224166,6040890.06916606,0.07,0.07,0,0,0,0
635322.648224166,6040890.06916606,1.78,1.78,0,0,0,0
638322.648224166,6040890.06916606,2.23,2.23,0,0,0,0
639322.648224166,6040890.06916606,57.92,25.62,7.1,18.64,1.15,5.41
640322.648224166,6040890.06916606,87.24,82.34,0.17,1.36,0.66,2.71
641322.648224166,6040890.06916606,0.36,0.33,0,0.03,0,0
643322.648224166,6040890.06916606,15.21,12.38,1.91,0.06,0.16,0.7
644322.648224166,6040890.06916606,26.08,21.1,0.77,0.34,0.74,3.13
645322.648224166,6040890.06916606,4.95,4.48,0.01,0.35,0.07,0.04
662322.648224166,6040890.06916606,22.76,13.44,0.5,0.39,3.66,4.77
663322.648224166,6040890.06916606,20.48,17.07,0.11,0.15,0.53,2.62
665322.648224166,6040890.06916606,0.3,0.3,0,0,0,0
667322.648224166,6040890.06916606,36.55,35.48,0.28,0.13,0.11,0.55
668322.648224166,6040890.06916606,24.15,23.47,0.34,0.05,0.11,0.18
669322.648224166,6040890.06916606,13.35,12.7,0.23,0.02,0.06,0.34
670322.648224166,6040890.06916606,6.2,6.01,0.1,0.06,0.02,0.01
671322.648224166,6040890.06916606,27.8,24.58,0.32,0.09,0.19,2.62
672322.648224166,6040890.06916606,27.38,17.88,2.49,0.02,0.58,6.41
673322.648224166,6040890.06916606,1.92,1.39,0,0.03,0.02,0.48
674322.648224166,6040890.06916606,0.58,0.58,0,0,0,0
676322.648224166,6040890.06916606,6.23,6.14,0,0,0.05,0.04
677322.648224166,6040890.06916606,43.4,29.84,0.84,1.14,6.24,5.34
679322.648224166,6040890.06916606,2.63,2.3,0,0,0.09,0.24
680322.648224166,6040890.06916606,4.85,4.85,0,0,0,0
681322.648224166,6040890.06916606,6.56,6.56,0,0,0,0
682322.648224166,6040890.06916606,0.85,0.85,0,0,0,0
683322.648224166,6040890.06916606,5.11,5.11,0,0,0,0
684322.648224166,6040890.06916606,67.01,52.83,0.72,0.56,3.74,9.16
685322.648224166,6040890.06916606,70.52,55.83,0.77,2.68,2.5,8.74
686322.648224166,6040890.06916606,38.42,29.56,1.91,0.97,2.34,3.64
689322.648224166,6040890.06916606,0.04,0.04,0,0,0,0
690322.648224166,6040890.06916606,0.5,0.5,0,0,0,0
585322.648224166,6039890.06916606,4.1,4.01,0.07,0,0.02,0
586322.648224166,6039890.06916606,31.88,30.14,0.3,0.32,0.5,0.62
598322.648224166,6039890.06916606,18.67,18.67,0,0,0,0
599322.648224166,6039890.06916606,25.46,25.46,0,0,0,0
600322.648224166,6039890.06916606,9.55,9.38,0,0,0,0.17
601322.648224166,6039890.06916606,5.36,5.36,0,0,0,0
602322.648224166,6039890.06916606,3.48,3.48,0,0,0,0
605322.648224166,6039890.06916606,1.53,1.53,0,0,0,0
606322.648224166,6039890.06916606,9.08,9.08,0,0,0,0
607322.648224166,6039890.06916606,0.2,0.2,0,0,0,0
608322.648224166,6039890.06916606,24.83,24.83,0,0,0,0
609322.648224166,6039890.06916606,1.22,1.22,0,0,0,0
610322.648224166,6039890.06916606,4.14,4.14,0,0,0,0
627322.648224166,6039890.06916606,2.09,2.09,0,0,0,0
628322.648224166,6039890.06916606,4.44,4.44,0,0,0,0
634322.648224166,6039890.06916606,1.32,1.32,0,0,0,0
635322.648224166,6039890.06916606,1.49,1.49,0,0,0,0
636322.648224166,6039890.06916606,2.11,2.11,0,0,0,0
637322.648224166,6039890.06916606,4.59,4.5,0,0.04,0.01,0.04
638322.648224166,6039890.06916606,0.09,0.09,0,0,0,0
639322.648224166,6039890.06916606,5.8,3.61,0.97,0.59,0.38,0.25
640322.648224166,6039890.06916606,82.99,73.48,1.59,2.64,1.34,3.94
641322.648224166,6039890.06916606,14.16,13.17,0.04,0.23,0.25,0.47
645322.648224166,6039890.06916606,14.85,11.53,0.22,0.79,0.87,1.44
658322.648224166,6039890.06916606,0.54,0.54,0,0,0,0
661322.648224166,6039890.06916606,4.35,0.51,0.04,0.72,2.22,0.86
662322.648224166,6039890.06916606,63.6,34.93,4.99,6.19,6.8,10.69
663322.648224166,6039890.06916606,48.54,29.08,0.56,3.8,1.77,13.33
664322.648224166,6039890.06916606,3.5,3.5,0,0,0,0
665322.648224166,6039890.06916606,9.25,9.25,0,0,0,0
666322.648224166,6039890.06916606,3.87,3.87,0,0,0,0
667322.648224166,6039890.06916606,29.05,29.05,0,0,0,0
668322.648224166,6039890.06916606,3.7,3.7,0,0,0,0
672322.648224166,6039890.06916606,21.24,13.36,3.04,0.75,0.68,3.41
673322.648224166,6039890.06916606,39.42,26.24,1.16,1.34,5.24,5.44
674322.648224166,6039890.06916606,53.27,49,0.27,0.38,1.04,2.58
675322.648224166,6039890.06916606,4.53,4.28,0.01,0.01,0.07,0.16
676322.648224166,6039890.06916606,0.56,0.35,0,0.02,0.01,0.18
677322.648224166,6039890.06916606,41.03,36.91,0.59,1.17,0.28,2.08
678322.648224166,6039890.06916606,25.29,23.41,0.09,0.81,0.17,0.81
679322.648224166,6039890.06916606,14.99,13.59,0.13,0.33,0.5,0.44
680322.648224166,6039890.06916606,31.18,27.14,0.31,0.11,0.69,2.93
681322.648224166,6039890.06916606,9.57,9.54,0,0.01,0.02,0
684322.648224166,6039890.06916606,0.78,0.39,0.07,0.04,0.08,0.2
685322.648224166,6039890.06916606,1.46,1.21,0.03,0,0.08,0.14
686322.648224166,6039890.06916606,9.37,6.88,0.03,0.69,0.22,1.55
687322.648224166,6039890.06916606,0.7,0.7,0,0,0,0
688322.648224166,6039890.06916606,10.33,8.07,0.58,0.02,0.45,1.21
689322.648224166,6039890.06916606,2.61,2.61,0,0,0,0
585322.648224166,6038890.06916606,20.27,17.59,0.41,0.19,0.67,1.41
586322.648224166,6038890.06916606,32.82,31.07,0.24,0.21,0.6,0.7
596322.648224166,6038890.06916606,0.34,0.34,0,0,0,0
597322.648224166,6038890.06916606,8.83,8.83,0,0,0,0
598322.648224166,6038890.06916606,4.1,4.1,0,0,0,0
604322.648224166,6038890.06916606,1.37,1.37,0,0,0,0
605322.648224166,6038890.06916606,0.16,0.16,0,0,0,0
606322.648224166,6038890.06916606,12.7,12.68,0,0,0.02,0
607322.648224166,6038890.06916606,20.16,20.16,0,0,0,0
608322.648224166,6038890.06916606,15.19,15.19,0,0,0,0
609322.648224166,6038890.06916606,0.91,0.91,0,0,0,0
612322.648224166,6038890.06916606,0.78,0.31,0,0,0.07,0.4
613322.648224166,6038890.06916606,4.22,3.38,0,0,0.12,0.72
614322.648224166,6038890.06916606,4.23,1.94,0.76,0.01,1.14,0.38
629322.648224166,6038890.06916606,1.8,1.8,0,0,0,0
630322.648224166,6038890.06916606,0.34,0.34,0,0,0,0
632322.648224166,6038890.06916606,0.13,0.13,0,0,0,0
633322.648224166,6038890.06916606,2.55,2.55,0,0,0,0
634322.648224166,6038890.06916606,2.18,2.18,0,0,0,0
638322.648224166,6038890.06916606,2.53,2.52,0,0,0,0.01
640322.648224166,6038890.06916606,26.81,20.66,0.77,3.38,0.37,1.63
641322.648224166,6038890.06916606,35.69,32.54,0.1,1.32,0.5,1.23
646322.648224166,6038890.06916606,1.38,1.3,0,0.08,0,0
647322.648224166,6038890.06916606,31.01,27.08,0.2,1.44,0.31,1.98
648322.648224166,6038890.06916606,38.94,31.45,4.68,0,0.48,2.33
649322.648224166,6038890.06916606,7.78,7.77,0,0,0,0.01
650322.648224166,6038890.06916606,2.02,0.83,0.01,0.46,0.2,0.52
658322.648224166,6038890.06916606,1.02,1.02,0,0,0,0
659322.648224166,6038890.06916606,4.06,2.94,0,0.04,0.47,0.61
660322.648224166,6038890.06916606,4.43,3.79,0,0.37,0.19,0.08
661322.648224166,6038890.06916606,71.18,50.51,0.29,2.46,8.1,9.82
662322.648224166,6038890.06916606,72.1,57.27,0.39,3.41,3.87,7.16
663322.648224166,6038890.06916606,2.95,2.69,0,0,0.11,0.15
667322.648224166,6038890.06916606,1.51,1.24,0.2,0,0.02,0.05
668322.648224166,6038890.06916606,9.28,7.33,0.47,0.18,0.15,1.15
669322.648224166,6038890.06916606,5.05,4.65,0,0.06,0.11,0.23
673322.648224166,6038890.06916606,25.26,20.96,0.85,0.39,0.48,2.58
674322.648224166,6038890.06916606,15.08,15.06,0,0,0.01,0.01
676322.648224166,6038890.06916606,1.62,1.37,0.02,0.09,0.02,0.12
677322.648224166,6038890.06916606,8.54,8.46,0,0,0,0.08
678322.648224166,6038890.06916606,31.72,20.95,1.77,0.41,0.65,7.94
680322.648224166,6038890.06916606,49.63,38.48,1.1,0.75,5.44,3.86
681322.648224166,6038890.06916606,15.36,12,0.54,0.81,1.45,0.56
684322.648224166,6038890.06916606,4.37,3.15,0.84,0.35,0.03,0
687322.648224166,6038890.06916606,1.7,1.25,0,0.45,0,0
688322.648224166,6038890.06916606,51.65,32.7,5.63,2.12,4.42,6.78
689322.648224166,6038890.06916606,12.98,8.44,1.29,0.18,0.89,2.18
585322.648224166,6037890.06916606,11.88,9.9,0.01,0.09,0.41,1.47
586322.648224166,6037890.06916606,0.56,0.42,0.02,0.05,0.04,0.03
603322.648224166,6037890.06916606,1.67,1.67,0,0,0,0
604322.648224166,6037890.06916606,0.66,0.66,0,0,0,0
606322.648224166,6037890.06916606,45.78,43.86,0.1,0.05,0.45,1.32
607322.648224166,6037890.06916606,6.08,6.08,0,0,0,0
608322.648224166,6037890.06916606,12.04,12.04,0,0,0,0
609322.648224166,6037890.06916606,2.5,2.5,0,0,0,0
610322.648224166,6037890.06916606,2.83,2.83,0,0,0,0
611322.648224166,6037890.06916606,4.06,4.06,0,0,0,0
612322.648224166,6037890.06916606,14.86,3.25,0.01,0.01,4.88,6.71
613322.648224166,6037890.06916606,3.49,0.16,0,0,0.57,2.76
614322.648224166,6037890.06916606,9.81,6.75,0.08,0.11,1.43,1.44
615322.648224166,6037890.06916606,7.61,5.33,0.01,0,0.4,1.87
630322.648224166,6037890.06916606,1.67,1.67,0,0,0,0
631322.648224166,6037890.06916606,0.85,0.85,0,0,0,0
632322.648224166,6037890.06916606,1.91,1.91,0,0,0,0
633322.648224166,6037890.06916606,0.01,0.01,0,0,0,0
638322.648224166,6037890.06916606,1.54,1.54,0,0,0,0
639322.648224166,6037890.06916606,22.87,22.83,0,0,0,0.04
640322.648224166,6037890.06916606,79.87,66.8,3.5,5.4,1.87,2.3
641322.648224166,6037890.06916606,55.36,44.09,2.24,2.17,2.14,4.72
647322.648224166,6037890.06916606,7.6,5.88,0.02,0.02,0.02,1.66
649322.648224166,6037890.06916606,8.47,8.47,0,0,0,0
650322.648224166,6037890.06916606,10.15,8.44,0.03,0.76,0.19,0.73
658322.648224166,6037890.06916606,7.23,4.92,0.46,0.16,0.71,0.98
659322.648224166,6037890.06916606,2.73,2.73,0,0,0,0
660322.648224166,6037890.06916606,58.89,30.02,11.66,5.45,6.49,5.27
661322.648224166,6037890.06916606,66.07,52.52,1.04,2.15,3.85,6.51
662322.648224166,6037890.06916606,0.75,0.75,0,0,0,0
663322.648224166,6037890.06916606,2.13,2.13,0,0,0,0
669322.648224166,6037890.06916606,9.2,9.2,0,0,0,0
674322.648224166,6037890.06916606,9.51,9.28,0.12,0,0.05,0.06
678322.648224166,6037890.06916606,18.49,17.57,0,0,0,0.92
679322.648224166,6037890.06916606,25.96,13.64,0.33,0,2.93,9.06
680322.648224166,6037890.06916606,6.26,5.75,0.15,0.04,0.12,0.2
681322.648224166,6037890.06916606,4.99,4.33,0,0.02,0.22,0.42
684322.648224166,6037890.06916606,7.15,7.15,0,0,0,0
685322.648224166,6037890.06916606,12.75,10.24,0.11,0.29,0.29,1.82
688322.648224166,6037890.06916606,25.04,15.25,0.39,1.12,2.53,5.75
689322.648224166,6037890.06916606,35.72,25.44,0.64,3.24,3.24,3.16
690322.648224166,6037890.06916606,0.85,0.85,0,0,0,0
692322.648224166,6037890.06916606,0.72,0.72,0,0,0,0
602322.648224166,6036890.06916606,3.79,3.79,0,0,0,0
603322.648224166,6036890.06916606,1.53,1.53,0,0,0,0
606322.648224166,6036890.06916606,60.56,58.87,0.12,0.01,0.34,1.22
607322.648224166,6036890.06916606,39.75,37.11,0,0.26,0.81,1.57
610322.648224166,6036890.06916606,0.07,0.07,0,0,0,0
629322.648224166,6036890.06916606,0.49,0.49,0,0,0,0
630322.648224166,6036890.06916606,1.46,1.46,0,0,0,0
631322.648224166,6036890.06916606,1.34,1.34,0,0,0,0
636322.648224166,6036890.06916606,1.32,1.32,0,0,0,0
639322.648224166,6036890.06916606,17.42,10.06,3.25,0.05,0.24,3.82
640322.648224166,6036890.06916606,43.34,25.91,4.65,0.48,1.99,10.31
641322.648224166,6036890.06916606,20.77,15.79,0.65,0.47,1.4,2.46
646322.648224166,6036890.06916606,0.64,0.4,0,0,0,0.24
656322.648224166,6036890.06916606,7.97,7.28,0.17,0.25,0.21,0.06
657322.648224166,6036890.06916606,1.28,1.2,0,0.08,0,0
658322.648224166,6036890.06916606,20.52,18.3,0.3,0.31,0.54,1.07
659322.648224166,6036890.06916606,34.85,8.17,6.04,2.87,8.34,9.43
660322.648224166,6036890.06916606,78.77,37.91,19.35,4.32,10.88,6.31
661322.648224166,6036890.06916606,12.39,12.38,0,0,0,0.01
674322.648224166,6036890.06916606,11.44,10.79,0.36,0.01,0.16,0.12
679322.648224166,6036890.06916606,23.86,8.57,1.29,0.05,3.65,10.3
680322.648224166,6036890.06916606,34.36,11.19,2.84,1.44,9.74,9.15
681322.648224166,6036890.06916606,7.98,3.14,0.09,0.27,2.66,1.82
685322.648224166,6036890.06916606,8.7,8.08,0.14,0.05,0.08,0.35
686322.648224166,6036890.06916606,4.24,4.24,0,0,0,0
687322.648224166,6036890.06916606,5.97,5.97,0,0,0,0
688322.648224166,6036890.06916606,10.23,9.69,0.14,0.13,0.12,0.15
689322.648224166,6036890.06916606,20.09,15.99,0.12,0.62,1.33,2.03
690322.648224166,6036890.06916606,12.55,9.43,0.07,0.33,0.47,2.25
691322.648224166,6036890.06916606,9.01,9.01,0,0,0,0
692322.648224166,6036890.06916606,6.31,6.31,0,0,0,0
606322.648224166,6035890.06916606,56.25,53.64,0.04,0.06,0.6,1.91
607322.648224166,6035890.06916606,48.8,46.78,0.04,0.06,0.54,1.38
626322.648224166,6035890.06916606,0.33,0.33,0,0,0,0
627322.648224166,6035890.06916606,0.97,0.97,0,0,0,0
628322.648224166,6035890.06916606,3.43,3.43,0,0,0,0
629322.648224166,6035890.06916606,0.47,0.47,0,0,0,0
635322.648224166,6035890.06916606,0.56,0.56,0,0,0,0
636322.648224166,6035890.06916606,1,1,0,0,0,0
638322.648224166,6035890.06916606,0.12,0.12,0,0,0,0
639322.648224166,6035890.06916606,2.73,2.73,0,0,0,0
640322.648224166,6035890.06916606,6.13,4.21,0.28,0.61,0,1.03
641322.648224166,6035890.06916606,63.01,56.68,0.16,0.74,0.52,4.91
642322.648224166,6035890.06916606,41.7,39.78,0.39,0.4,0.31,0.82
644322.648224166,6035890.06916606,8.82,7.07,0.01,0.22,1.14,0.38
645322.648224166,6035890.06916606,7.77,6.57,0.03,0.6,0.17,0.4
646322.648224166,6035890.06916606,0.66,0.55,0,0,0.04,0.07
655322.648224166,6035890.06916606,11.42,8.24,0.76,0.56,0.38,1.48
656322.648224166,6035890.06916606,63.38,48.9,1.28,1.89,4.87,6.44
657322.648224166,6035890.06916606,87.36,71.15,1.06,1.41,3.42,10.32
658322.648224166,6035890.06916606,74.47,28.04,1.85,3.91,26.55,14.12
659322.648224166,6035890.06916606,62.34,7.57,39.97,1.41,7.45,5.94
660322.648224166,6035890.06916606,5.77,0.25,4.91,0.13,0.13,0.35
661322.648224166,6035890.06916606,2.12,2.12,0,0,0,0
673322.648224166,6035890.06916606,0.06,0.06,0,0,0,0
674322.648224166,6035890.06916606,31.18,27.88,0.47,0.2,0.79,1.84
675322.648224166,6035890.06916606,22.12,20.02,0.33,0.05,0.24,1.48
681322.648224166,6035890.06916606,36.12,28.46,0,0.31,1.51,5.84
684322.648224166,6035890.06916606,3.6,3.59,0,0,0,0.01
685322.648224166,6035890.06916606,19.92,16.7,0.37,0.76,0.56,1.53
686322.648224166,6035890.06916606,23.88,23.1,0,0.48,0.19,0.11
690322.648224166,6035890.06916606,6.73,6.63,0.02,0,0.01,0.07
691322.648224166,6035890.06916606,23.63,21.11,0.33,0.76,0.41,1.02
692322.648224166,6035890.06916606,9.13,7.1,0.06,0.04,0.48,1.45
606322.648224166,6034890.06916606,34.59,30.2,0.21,0.09,0.59,3.5
607322.648224166,6034890.06916606,9.34,8.19,0,0.01,0.2,0.94
626322.648224166,6034890.06916606,0.32,0.16,0,0,0,0.16
640322.648224166,6034890.06916606,2.32,2.32,0,0,0,0
641322.648224166,6034890.06916606,14.55,14.54,0,0.01,0,0
642322.648224166,6034890.06916606,71.86,55.95,0.87,5.66,1.85,7.53
644322.648224166,6034890.06916606,9.35,9.35,0,0,0,0
645322.648224166,6034890.06916606,40.25,27.99,0.15,0.94,3.88,7.29
655322.648224166,6034890.06916606,51.95,38.46,1.14,4.34,3.48,4.53
656322.648224166,6034890.06916606,73.03,44.8,1.78,6.15,7.3,13
657322.648224166,6034890.06916606,24.17,21.03,0.15,0.46,0.45,2.08
658322.648224166,6034890.06916606,1.47,1.47,0,0,0,0
661322.648224166,6034890.06916606,1.04,1.03,0,0,0,0.01
662322.648224166,6034890.06916606,3.24,3.22,0,0,0,0.02
663322.648224166,6034890.06916606,1.65,1.65,0,0,0,0
664322.648224166,6034890.06916606,0.63,0.63,0,0,0,0
665322.648224166,6034890.06916606,8.72,7.27,0.18,0.31,0.47,0.49
668322.648224166,6034890.06916606,5.74,4.77,0,0.43,0.21,0.33
669322.648224166,6034890.06916606,6.97,6.97,0,0,0,0
670322.648224166,6034890.06916606,5.93,5.9,0,0.03,0,0
671322.648224166,6034890.06916606,0.69,0.47,0,0.22,0,0
673322.648224166,6034890.06916606,0.02,0.02,0,0,0,0
674322.648224166,6034890.06916606,30.07,27.56,0.35,0.04,0.18,1.94
675322.648224166,6034890.06916606,94.93,92.45,0.66,0.14,0.46,1.22
676322.648224166,6034890.06916606,19.2,17.82,0.25,0.1,0.12,0.91
680322.648224166,6034890.06916606,25.22,8.56,0.08,5.99,4.29,6.3
681322.648224166,6034890.06916606,21.75,20.23,0,0.05,0,1.47
684322.648224166,6034890.06916606,1.93,1.93,0,0,0,0
685322.648224166,6034890.06916606,61.24,57.58,0.37,0.59,0.63,2.07
686322.648224166,6034890.06916606,50.63,40.23,0.88,2.06,3.79,3.67
687322.648224166,6034890.06916606,17.66,13.93,0.24,1.17,0.97,1.35
688322.648224166,6034890.06916606,8.61,6.84,0.54,0.77,0.39,0.07
689322.648224166,6034890.06916606,24.47,23.17,0.63,0.6,0.06,0.01
690322.648224166,6034890.06916606,36.78,34.1,0.13,0.43,0.56,1.56
691322.648224166,6034890.06916606,5.57,5.16,0.03,0.11,0.03,0.24
692322.648224166,6034890.06916606,27.73,22.69,0.6,1.26,0.53,2.65
693322.648224166,6034890.06916606,0.23,0.23,0,0,0,0
606322.648224166,6033890.06916606,31.08,26.17,0.08,0.08,0.78,3.97
639322.648224166,6033890.06916606,0.79,0.79,0,0,0,0
640322.648224166,6033890.06916606,0.81,0.81,0,0,0,0
642322.648224166,6033890.06916606,37.45,29.21,0.61,0.85,1.37,5.41
643322.648224166,6033890.06916606,69.45,58.89,1.68,0.65,1.65,6.58
644322.648224166,6033890.06916606,20.93,14.79,0.11,0.41,1.17,4.45
645322.648224166,6033890.06916606,12.82,8.87,0.31,0.11,1.3,2.23
655322.648224166,6033890.06916606,71.24,61.19,0.01,0.55,2.26,7.23
656322.648224166,6033890.06916606,1.89,1.45,0,0.05,0.15,0.24
657322.648224166,6033890.06916606,0.36,0.36,0,0,0,0
658322.648224166,6033890.06916606,1.83,1.83,0,0,0,0
663322.648224166,6033890.06916606,9.56,9.55,0,0,0,0.01
664322.648224166,6033890.06916606,0.15,0.15,0,0,0,0
665322.648224166,6033890.06916606,12.26,11.55,0.07,0.13,0.17,0.34
666322.648224166,6033890.06916606,8.65,7.17,0.45,0.67,0.28,0.08
669322.648224166,6033890.06916606,0.66,0.3,0,0.36,0,0
670322.648224166,6033890.06916606,42.1,34.14,0.38,5.88,0.87,0.83
671322.648224166,6033890.06916606,8.73,3.59,0.05,4.3,0.55,0.24
672322.648224166,6033890.06916606,46.08,41.29,0.37,3.09,0.92,0.41
673322.648224166,6033890.06916606,3.15,3.09,0.03,0.03,0,0
674322.648224166,6033890.06916606,6.26,6.09,0.03,0,0.02,0.12
675322.648224166,6033890.06916606,78.69,76.52,0.25,0.21,0.87,0.84
676322.648224166,6033890.06916606,89.76,86.53,0.79,0.15,0.6,1.69
677322.648224166,6033890.06916606,10.06,9.86,0.01,0.05,0.05,0.09
680322.648224166,6033890.06916606,42.74,8.24,1.04,16.7,11.84,4.92
681322.648224166,6033890.06916606,38.22,13.05,0.71,1.1,10.87,12.49
685322.648224166,6033890.06916606,0.12,0.09,0.01,0,0,0.02
686322.648224166,6033890.06916606,8.04,6.77,0.08,0.11,0.43,0.65
687322.648224166,6033890.06916606,47.27,32.75,2.91,3.6,6.02,1.99
688322.648224166,6033890.06916606,68.95,51.16,0.69,7.62,2.83,6.65
689322.648224166,6033890.06916606,37.78,31.54,1.67,2.41,1.77,0.39
690322.648224166,6033890.06916606,6.75,6.69,0,0.01,0.02,0.03
691322.648224166,6033890.06916606,10.44,9.33,0.09,0.35,0.13,0.54
692322.648224166,6033890.06916606,8.14,4.59,0.91,1.06,0.62,0.96
693322.648224166,6033890.06916606,5.11,4.07,0.44,0.11,0.09,0.4
606322.648224166,6032890.06916606,49.22,45.56,0.19,0.15,0.9,2.42
607322.648224166,6032890.06916606,2.4,1.82,0.02,0.02,0.24,0.3
634322.648224166,6032890.06916606,0.55,0.55,0,0,0,0
638322.648224166,6032890.06916606,2.87,2.87,0,0,0,0
639322.648224166,6032890.06916606,0.32,0.32,0,0,0,0
642322.648224166,6032890.06916606,4.75,1.64,0.01,0.04,0.62,2.44
643322.648224166,6032890.06916606,25.38,20.6,0.92,2.04,0.69,1.13
644322.648224166,6032890.06916606,66.55,25.26,2.11,1.76,6.18,31.24
645322.648224166,6032890.06916606,87.33,68.89,1.85,3.65,5.27,7.67
646322.648224166,6032890.06916606,31.78,27.03,0.38,1.3,0.87,2.2
650322.648224166,6032890.06916606,0.12,0.12,0,0,0,0
651322.648224166,6032890.06916606,0.04,0.04,0,0,0,0
654322.648224166,6032890.06916606,35.82,32.44,0.17,0.69,0.83,1.69
655322.648224166,6032890.06916606,45.04,38.13,2.02,1.09,2.11,1.69
657322.648224166,6032890.06916606,2.43,2.43,0,0,0,0
658322.648224166,6032890.06916606,4.13,4.13,0,0,0,0
663322.648224166,6032890.06916606,2.81,2.81,0,0,0,0
664322.648224166,6032890.06916606,15.63,5.58,7.91,2.03,0.1,0.01
665322.648224166,6032890.06916606,17.54,3.9,6.08,5.52,0.66,1.38
666322.648224166,6032890.06916606,24.84,16.78,0.28,1.95,0.24,5.59
667322.648224166,6032890.06916606,13.61,11.94,0.5,0.53,0.31,0.33
668322.648224166,6032890.06916606,12.42,10.92,0.21,0.82,0.29,0.18
669322.648224166,6032890.06916606,30.8,22.34,0.38,4.89,1.43,1.76
670322.648224166,6032890.06916606,55.89,43.02,0.08,4.98,3.88,3.93
671322.648224166,6032890.06916606,64.36,56.65,1.38,1.11,1.18,4.04
672322.648224166,6032890.06916606,45.01,40.13,0.38,0.23,0.86,3.41
673322.648224166,6032890.06916606,43.79,42.37,0.29,0.21,0.19,0.73
674322.648224166,6032890.06916606,31.85,31.25,0.12,0.16,0.13,0.19
675322.648224166,6032890.06916606,5.2,4.91,0.11,0.01,0.07,0.1
676322.648224166,6032890.06916606,36.86,34.47,0.22,0.12,0.75,1.3
677322.648224166,6032890.06916606,17.08,15.98,0.02,0.16,0.31,0.61
680322.648224166,6032890.06916606,2.55,1.81,0,0.05,0.39,0.3
681322.648224166,6032890.06916606,55.52,33.28,1.31,2.01,4.74,14.18
682322.648224166,6032890.06916606,38.22,18.4,3.77,1.92,3.9,10.23
683322.648224166,6032890.06916606,2.61,0.62,0,0,0.08,1.91
689322.648224166,6032890.06916606,12.36,5.85,0.72,1.1,3.41,1.28
690322.648224166,6032890.06916606,8.92,7.39,0.04,0.06,0.75,0.68
691322.648224166,6032890.06916606,12.73,11.03,0,0,0,1.7
692322.648224166,6032890.06916606,1.54,1.51,0,0.03,0,0
606322.648224166,6031890.06916606,4.81,4.81,0,0,0,0
634322.648224166,6031890.06916606,1.07,1.07,0,0,0,0
635322.648224166,6031890.06916606,1.26,1.26,0,0,0,0
636322.648224166,6031890.06916606,0.04,0.04,0,0,0,0
637322.648224166,6031890.06916606,2.6,2.6,0,0,0,0
638322.648224166,6031890.06916606,3.35,2.63,0,0.17,0,0.55
642322.648224166,6031890.06916606,1.29,0.12,0.02,0,0.04,1.11
645322.648224166,6031890.06916606,28.3,27.56,0.02,0.04,0.17,0.51
646322.648224166,6031890.06916606,94.46,88.62,0.62,1.39,1.24,2.59
647322.648224166,6031890.06916606,5.89,4.18,0.27,0.19,0.37,0.88
651322.648224166,6031890.06916606,1.96,1.38,0.03,0.2,0.35,0
652322.648224166,6031890.06916606,0.48,0.48,0,0,0,0
653322.648224166,6031890.06916606,13.85,9.99,0.48,0.64,1,1.74
654322.648224166,6031890.06916606,65.74,27.95,7.04,2.21,7.25,21.29
655322.648224166,6031890.06916606,0.85,0.32,0,0.17,0.18,0.18
657322.648224166,6031890.06916606,2.26,2.26,0,0,0,0
658322.648224166,6031890.06916606,16.13,16.13,0,0,0,0
662322.648224166,6031890.06916606,2.49,2.49,0,0,0,0
663322.648224166,6031890.06916606,0.93,0.93,0,0,0,0
665322.648224166,6031890.06916606,31.79,25.83,1.58,0.37,0.72,3.29
666322.648224166,6031890.06916606,29.42,28.47,0.06,0.21,0.27,0.41
667322.648224166,6031890.06916606,28.24,22.63,0.13,1.4,2.5,1.58
668322.648224166,6031890.06916606,53.93,37.33,9.09,3.53,1.12,2.86
669322.648224166,6031890.06916606,63.01,52.07,3.36,1.14,2.42,4.02
670322.648224166,6031890.06916606,5.56,3.58,0.17,0.03,0.68,1.1
671322.648224166,6031890.06916606,2.59,2.32,0,0.02,0.05,0.2
672322.648224166,6031890.06916606,34.19,18.89,3.6,0.99,3.89,6.82
673322.648224166,6031890.06916606,0.35,0.22,0,0.02,0.05,0.06
676322.648224166,6031890.06916606,19.58,9.36,1.03,1.15,4.12,3.92
677322.648224166,6031890.06916606,14.57,14.01,0.17,0.03,0.07,0.29
682322.648224166,6031890.06916606,12.6,12.21,0,0,0,0.39
683322.648224166,6031890.06916606,76.38,64.75,0.55,2.13,3.73,5.22
684322.648224166,6031890.06916606,46.6,15.14,2.04,0.98,5.1,23.34
685322.648224166,6031890.06916606,0.3,0.27,0,0.03,0,0
689322.648224166,6031890.06916606,4.56,4.56,0,0,0,0
690322.648224166,6031890.06916606,10.82,10.8,0,0,0,0.02
691322.648224166,6031890.06916606,36.69,19.57,0.24,3.33,4.77,8.78
692322.648224166,6031890.06916606,36.79,16.98,0.45,0.86,6.52,11.98
693322.648224166,6031890.06916606,38.66,32.42,0.57,0.68,1.56,3.43
635322.648224166,6030890.06916606,0.62,0.62,0,0,0,0
636322.648224166,6030890.06916606,1.88,1.88,0,0,0,0
637322.648224166,6030890.06916606,2.22,2.22,0,0,0,0
638322.648224166,6030890.06916606,14.98,9.15,1.16,1.29,0.98,2.4
646322.648224166,6030890.06916606,84.4,74.21,1.48,2.46,2.54,3.71
647322.648224166,6030890.06916606,60.05,46.81,0.98,4.05,2.77,5.44
648322.648224166,6030890.06916606,0.13,0.13,0,0,0,0
651322.648224166,6030890.06916606,23.12,14.65,0.68,2.54,2.63,2.62
652322.648224166,6030890.06916606,65.86,57.27,0.27,1.64,4.36,2.32
653322.648224166,6030890.06916606,75.53,55.44,0.61,6.75,4.85,7.88
654322.648224166,6030890.06916606,11.66,10.19,0.02,0.42,0.19,0.84
658322.648224166,6030890.06916606,7.32,7.32,0,0,0,0
659322.648224166,6030890.06916606,2.94,2.94,0,0,0,0
660322.648224166,6030890.06916606,0.53,0.53,0,0,0,0
661322.648224166,6030890.06916606,23.75,22.3,0.2,0.16,0.55,0.54
662322.648224166,6030890.06916606,53.69,48.3,1.03,0.99,1.76,1.61
663322.648224166,6030890.06916606,8.13,6.53,0.25,0.2,0.92,0.23
665322.648224166,6030890.06916606,3.13,3.13,0,0,0,0
666322.648224166,6030890.06916606,70.83,69.87,0.28,0.11,0.09,0.48
667322.648224166,6030890.06916606,43.62,31.56,5.16,2.79,1.62,2.49
668322.648224166,6030890.06916606,48.08,37.62,0.2,8.37,0.84,1.05
669322.648224166,6030890.06916606,39.83,24.54,0.52,13.73,0.46,0.58
672322.648224166,6030890.06916606,11.37,10.35,0.39,0.44,0.05,0.14
673322.648224166,6030890.06916606,5.67,5.01,0.5,0,0.04,0.12
675322.648224166,6030890.06916606,4.6,0.32,1.57,0,0.83,1.88
676322.648224166,6030890.06916606,38,26.64,2.48,0.64,4.77,3.47
677322.648224166,6030890.06916606,68.14,66.03,0.5,0.1,0.31,1.2
678322.648224166,6030890.06916606,38.58,38.18,0.08,0.02,0.15,0.15
683322.648224166,6030890.06916606,1.64,1.18,0.32,0.11,0.03,0
684322.648224166,6030890.06916606,40.23,13.38,0.75,1.48,3.36,21.26
685322.648224166,6030890.06916606,25.57,11.14,0.14,0.47,3.44,10.38
689322.648224166,6030890.06916606,0.34,0.34,0,0,0,0
690322.648224166,6030890.06916606,26.98,23.97,0.1,1.24,0.96,0.71
691322.648224166,6030890.06916606,13.54,6.07,0.07,3.24,1.1,3.06
638322.648224166,6029890.06916606,9.65,7.79,0.56,0,0.76,0.54
646322.648224166,6029890.06916606,43.89,38.67,0.33,0.85,1.1,2.94
647322.648224166,6029890.06916606,77.53,62.95,2.67,2.69,2.94,6.28
648322.648224166,6029890.06916606,82.14,46.16,5.86,3.8,5.45,20.87
649322.648224166,6029890.06916606,43.81,30.88,0.46,1.28,2.76,8.43
650322.648224166,6029890.06916606,70.78,51.99,0.11,1.16,6.17,11.35
651322.648224166,6029890.06916606,69.06,54.4,0.99,2.6,4.41,6.66
652322.648224166,6029890.06916606,40.79,36.56,0.1,1.1,0.31,2.72
653322.648224166,6029890.06916606,73.74,54.18,1.08,2.66,4,11.82
654322.648224166,6029890.06916606,6.66,2.11,0.03,0.92,1.57,2.03
655322.648224166,6029890.06916606,6.11,0.39,0.04,0.26,2.05,3.37
659322.648224166,6029890.06916606,0.4,0.4,0,0,0,0
660322.648224166,6029890.06916606,28.62,22.36,0.06,0.83,2.6,2.77
661322.648224166,6029890.06916606,13.56,10.37,0.01,1.83,0.55,0.8
662322.648224166,6029890.06916606,2,2,0,0,0,0
663322.648224166,6029890.06916606,2.56,2.48,0,0.06,0.02,0
664322.648224166,6029890.06916606,19.94,19.5,0,0,0.08,0.36
665322.648224166,6029890.06916606,1.28,1.28,0,0,0,0
666322.648224166,6029890.06916606,22.1,19.9,0.23,0.82,0.48,0.67
667322.648224166,6029890.06916606,30.99,25.36,0.14,4.73,0.02,0.74
668322.648224166,6029890.06916606,16.53,16.19,0.06,0.02,0.05,0.21
669322.648224166,6029890.06916606,1.35,1.35,0,0,0,0
672322.648224166,6029890.06916606,7.15,6.23,0,0,0.31,0.61
673322.648224166,6029890.06916606,17.15,12.94,1.84,0.76,1.2,0.41
674322.648224166,6029890.06916606,1.69,1.69,0,0,0,0
676322.648224166,6029890.06916606,25.86,24.54,0.48,0.13,0.27,0.44
677322.648224166,6029890.06916606,54.87,53.22,1.01,0.05,0.11,0.48
678322.648224166,6029890.06916606,90.03,89.6,0.11,0.03,0.06,0.23
679322.648224166,6029890.06916606,5.56,5.53,0,0,0,0.03
684322.648224166,6029890.06916606,5.21,4.23,0,0,0.01,0.97
685322.648224166,6029890.06916606,82.3,27.03,18.03,3.97,13.8,19.47
686322.648224166,6029890.06916606,83.18,74.55,0.3,1.71,2.39,4.23
687322.648224166,6029890.06916606,67.93,67.6,0.01,0.02,0.2,0.1
688322.648224166,6029890.06916606,65.05,64.82,0,0.02,0.1,0.11
689322.648224166,6029890.06916606,27.9,27.58,0,0.04,0.05,0.23
690322.648224166,6029890.06916606,5.3,5.23,0.03,0.02,0.01,0.01
647322.648224166,6028890.06916606,3.3,3.15,0,0.01,0.06,0.08
648322.648224166,6028890.06916606,48.92,26.03,1.79,4.63,10.8,5.67
649322.648224166,6028890.06916606,87.92,32.58,3.3,3.61,18.2,30.23
650322.648224166,6028890.06916606,42.89,6.12,9.97,2.5,12.13,12.17
651322.648224166,6028890.06916606,3.82,1.9,0.01,0.09,0.48,1.34
653322.648224166,6028890.06916606,53.33,44.75,0.39,1.5,2.05,4.64
664322.648224166,6028890.06916606,3.76,3.76,0,0,0,0
669322.648224166,6028890.06916606,3.35,3.1,0,0.08,0.17,0
672322.648224166,6028890.06916606,0.38,0.38,0,0,0,0
673322.648224166,6028890.06916606,18.27,14.89,0.06,0.2,0.71,2.41
674322.648224166,6028890.06916606,1.79,1.76,0.02,0.01,0,0
678322.648224166,6028890.06916606,41.52,41.04,0.14,0.11,0.03,0.2
679322.648224166,6028890.06916606,27.45,27.35,0.02,0,0,0.08
681322.648224166,6028890.06916606,0.36,0.36,0,0,0,0
682322.648224166,6028890.06916606,27.54,27.34,0,0.2,0,0
683322.648224166,6028890.06916606,24.91,19.63,0.04,0.75,1.93,2.56
684322.648224166,6028890.06916606,32.98,13.21,0.29,2.33,7.8,9.35
685322.648224166,6028890.06916606,66.46,45.77,2.67,9.13,3.81,5.08
686322.648224166,6028890.06916606,9.1,6.08,0,0,0.31,2.71
687322.648224166,6028890.06916606,22.22,22.05,0.05,0.04,0.03,0.05
688322.648224166,6028890.06916606,13.48,13.01,0.05,0.03,0.07,0.32
653322.648224166,6027890.06916606,9.43,9.43,0,0,0,0
654322.648224166,6027890.06916606,11.88,11.88,0,0,0,0
663322.648224166,6027890.06916606,0.28,0.28,0,0,0,0
664322.648224166,6027890.06916606,0.4,0.4,0,0,0,0
669322.648224166,6027890.06916606,3.24,2.71,0.01,0.06,0.35,0.11
673322.648224166,6027890.06916606,5.3,3.07,0.15,0.13,0.44,1.51
674322.648224166,6027890.06916606,29.19,25.73,0.37,0.4,0.49,2.2
675322.648224166,6027890.06916606,6.8,3.64,0,0.06,0.1,3
678322.648224166,6027890.06916606,0.57,0.57,0,0,0,0
679322.648224166,6027890.06916606,14.67,14.67,0,0,0,0
680322.648224166,6027890.06916606,28.76,28.76,0,0,0,0
681322.648224166,6027890.06916606,33.15,32.75,0,0.25,0.15,0
682322.648224166,6027890.06916606,26.69,24.47,0.44,0.5,0.62,0.66
683322.648224166,6027890.06916606,4.13,0.13,1.44,0.08,2.3,0.18
684322.648224166,6027890.06916606,58.6,11.57,10.79,9.97,16.37,9.9
685322.648224166,6027890.06916606,10.32,7.73,0.67,1.33,0.19,0.4
654322.648224166,6026890.06916606,30.86,27.31,0.02,0.59,1.09,1.85
655322.648224166,6026890.06916606,2.26,2.26,0,0,0,0
656322.648224166,6026890.06916606,0.29,0.29,0,0,0,0
663322.648224166,6026890.06916606,0.34,0.34,0,0,0,0
669322.648224166,6026890.06916606,1.62,1.58,0,0,0,0.04
670322.648224166,6026890.06916606,0.16,0.16,0,0,0,0
674322.648224166,6026890.06916606,14.89,10.87,1.77,1.62,0.63,0
675322.648224166,6026890.06916606,21.01,18.68,0,1.92,0.14,0.27
676322.648224166,6026890.06916606,8.96,8.96,0,0,0,0
677322.648224166,6026890.06916606,0.76,0.76,0,0,0,0
678322.648224166,6026890.06916606,1.21,1.21,0,0,0,0
682322.648224166,6026890.06916606,23.08,20.56,0.58,0.73,0.45,0.76
683322.648224166,6026890.06916606,4.29,4.29,0,0,0,0
684322.648224166,6026890.06916606,29.31,13.39,14.39,0.53,0.54,0.46
654322.648224166,6025890.06916606,21.05,16.32,0.02,0.01,0.84,3.86
655322.648224166,6025890.06916606,7.45,7.45,0,0,0,0
656322.648224166,6025890.06916606,1.99,1.99,0,0,0,0
657322.648224166,6025890.06916606,0.16,0.16,0,0,0,0
663322.648224166,6025890.06916606,5.36,5.36,0,0,0,0
664322.648224166,6025890.06916606,0.78,0.78,0,0,0,0
670322.648224166,6025890.06916606,5.41,5.41,0,0,0,0
674322.648224166,6025890.06916606,0.12,0.11,0,0.01,0,0
675322.648224166,6025890.06916606,44.99,42.98,0.37,1.26,0.05,0.33
676322.648224166,6025890.06916606,37.7,26.65,1.7,4.54,1.19,3.62
677322.648224166,6025890.06916606,2.97,2.71,0.09,0.1,0.06,0.01
682322.648224166,6025890.06916606,0.53,0.53,0,0,0,0
683322.648224166,6025890.06916606,18.05,17.96,0,0,0,0.09
684322.648224166,6025890.06916606,12.03,12.03,0,0,0,0
655322.648224166,6024890.06916606,12.17,12.17,0,0,0,0
664322.648224166,6024890.06916606,9.91,9.38,0,0.08,0.27,0.18
670322.648224166,6024890.06916606,1,1,0,0,0,0
671322.648224166,6024890.06916606,0.18,0.18,0,0,0,0
675322.648224166,6024890.06916606,20.44,19.02,0.01,1.16,0.05,0.2
676322.648224166,6024890.06916606,22.44,20.32,0.36,0.55,0.15,1.06
677322.648224166,6024890.06916606,1.5,0.95,0.02,0.03,0.48,0.02
683322.648224166,6024890.06916606,3.14,3.14,0,0,0,0
684322.648224166,6024890.06916606,32.74,32.74,0,0,0,0
685322.648224166,6024890.06916606,37.17,34.36,0.09,0.25,0.3,2.17
686322.648224166,6024890.06916606,3.21,3.21,0,0,0,0
655322.648224166,6023890.06916606,2.68,2.68,0,0,0,0
664322.648224166,6023890.06916606,8.26,7.29,0.03,0.21,0.3,0.43
665322.648224166,6023890.06916606,4.24,3.63,0.02,0,0.18,0.41
666322.648224166,6023890.06916606,16.48,15.13,0.02,0.06,0.34,0.93
671322.648224166,6023890.06916606,0.2,0.2,0,0,0,0
675322.648224166,6023890.06916606,27.36,25.9,0,0.07,0.06,1.33
676322.648224166,6023890.06916606,16.32,16.32,0,0,0,0
677322.648224166,6023890.06916606,1.76,1.76,0,0,0,0
678322.648224166,6023890.06916606,0.83,0.83,0,0,0,0
685322.648224166,6023890.06916606,23.99,21.38,0,1.05,1,0.56
686322.648224166,6023890.06916606,54.39,51.61,0.36,0.4,0.62,1.4
688322.648224166,6023890.06916606,3.41,3.38,0.01,0,0.02,0
689322.648224166,6023890.06916606,0.6,0.54,0,0.03,0.03,0
654322.648224166,6022890.06916606,3.28,3.09,0,0,0.03,0.16
655322.648224166,6022890.06916606,1.33,1.33,0,0,0,0
666322.648224166,6022890.06916606,15.38,14.26,0.22,0.13,0.41,0.36
667322.648224166,6022890.06916606,32.07,25.19,0.05,0.35,2.61,3.87
669322.648224166,6022890.06916606,0.93,0.86,0,0,0.01,0.06
678322.648224166,6022890.06916606,7.68,7.68,0,0,0,0
685322.648224166,6022890.06916606,0.6,0.6,0,0,0,0
686322.648224166,6022890.06916606,54.38,52.37,0.16,0.22,0.52,1.11
687322.648224166,6022890.06916606,26.62,25.32,0.1,0.65,0.43,0.12
688322.648224166,6022890.06916606,78.92,77.51,0.14,0.19,0.28,0.8
689322.648224166,6022890.06916606,24.35,23.48,0.08,0.41,0.29,0.09
654322.648224166,6021890.06916606,19.2,19.2,0,0,0,0
667322.648224166,6021890.06916606,53.29,48.3,0.33,0.84,1.16,2.66
668322.648224166,6021890.06916606,9.5,4.47,0.09,0.04,0.66,4.24
669322.648224166,6021890.06916606,21.95,17.77,0.72,0.28,0.31,2.87
671322.648224166,6021890.06916606,0.19,0.19,0,0,0,0
678322.648224166,6021890.06916606,8.18,8.18,0,0,0,0
686322.648224166,6021890.06916606,16.85,16.85,0,0,0,0
687322.648224166,6021890.06916606,24.44,21.35,1.28,0.59,0.18,1.04
688322.648224166,6021890.06916606,67,64.99,0.15,0.24,0.73,0.89
689322.648224166,6021890.06916606,71.2,70.67,0.13,0.2,0.18,0.02
652322.648224166,6020890.06916606,0.34,0.34,0,0,0,0
653322.648224166,6020890.06916606,12.48,10.76,0.63,0.17,0.58,0.34
654322.648224166,6020890.06916606,9.14,4.93,0.44,0.03,1.39,2.35
667322.648224166,6020890.06916606,37.76,24.53,0.24,0.57,1.7,10.72
668322.648224166,6020890.06916606,16.64,12.58,0.15,0.22,0.67,3.02
669322.648224166,6020890.06916606,2,0.7,0.22,0,0.05,1.03
671322.648224166,6020890.06916606,16.96,12.95,0.07,0.59,0.85,2.5
678322.648224166,6020890.06916606,15.57,15.57,0,0,0,0
685322.648224166,6020890.06916606,1.65,1.65,0,0,0,0
686322.648224166,6020890.06916606,4.36,4.36,0,0,0,0
688322.648224166,6020890.06916606,46.07,45.13,0.13,0.01,0.08,0.72
689322.648224166,6020890.06916606,99.97,99.97,0,0,0,0
690322.648224166,6020890.06916606,14.4,14.24,0.04,0.06,0.02,0.04
652322.648224166,6019890.06916606,0.18,0.18,0,0,0,0
653322.648224166,6019890.06916606,25.08,22.34,0.06,0.15,0.66,1.87
654322.648224166,6019890.06916606,1.92,1.92,0,0,0,0
655322.648224166,6019890.06916606,1.09,1.09,0,0,0,0
656322.648224166,6019890.06916606,0.33,0.33,0,0,0,0
667322.648224166,6019890.06916606,24.48,18.82,0.8,0.32,0.41,4.13
668322.648224166,6019890.06916606,5.39,3.9,0.64,0.1,0.19,0.56
671322.648224166,6019890.06916606,27.48,24.44,0.18,0.27,0.68,1.91
672322.648224166,6019890.06916606,22.77,18.57,0.47,0.08,1.4,2.25
673322.648224166,6019890.06916606,0.77,0.77,0,0,0,0
678322.648224166,6019890.06916606,7.69,7.69,0,0,0,0
679322.648224166,6019890.06916606,3.31,3.31,0,0,0,0
683322.648224166,6019890.06916606,1.36,1.36,0,0,0,0
684322.648224166,6019890.06916606,2.13,2.09,0,0,0,0.04
685322.648224166,6019890.06916606,0.54,0.43,0,0,0.04,0.07
688322.648224166,6019890.06916606,18.78,17.97,0.14,0.01,0.06,0.6
689322.648224166,6019890.06916606,97.58,96.99,0.1,0,0.12,0.37
690322.648224166,6019890.06916606,31.51,31.43,0.01,0.02,0.01,0.04
653322.648224166,6018890.06916606,23.52,21.58,0.07,0.49,0.87,0.51
667322.648224166,6018890.06916606,0.55,0.3,0.03,0.04,0,0.18
668322.648224166,6018890.06916606,39.06,30.25,2.58,1.02,1.99,3.22
669322.648224166,6018890.06916606,5.77,0.84,0.11,1.08,2.67,1.07
671322.648224166,6018890.06916606,13.53,11.67,0.07,0.11,0.5,1.18
672322.648224166,6018890.06916606,4.21,4.21,0,0,0,0
673322.648224166,6018890.06916606,14.62,14.58,0.02,0.01,0.01,0
678322.648224166,6018890.06916606,1.73,1.73,0,0,0,0
679322.648224166,6018890.06916606,0.65,0.65,0,0,0,0
682322.648224166,6018890.06916606,1.72,1.72,0,0,0,0
683322.648224166,6018890.06916606,0.2,0.2,0,0,0,0
687322.648224166,6018890.06916606,1.75,1.34,0.14,0,0,0.27
688322.648224166,6018890.06916606,12.8,9.14,1.13,0.15,0.54,1.84
689322.648224166,6018890.06916606,55.73,54.82,0.07,0.04,0.21,0.59
690322.648224166,6018890.06916606,48.36,48.23,0,0,0.08,0.05
653322.648224166,6017890.06916606,22.56,21.8,0,0.18,0.01,0.57
669322.648224166,6017890.06916606,8.95,4.98,0.15,0.08,1.2,2.54
670322.648224166,6017890.06916606,13.92,5.38,0.02,0.21,1.63,6.68
673322.648224166,6017890.06916606,14.52,14.52,0,0,0,0
682322.648224166,6017890.06916606,2.82,2.82,0,0,0,0
687322.648224166,6017890.06916606,0.52,0.45,0,0,0,0.07
688322.648224166,6017890.06916606,11.08,6.8,3.64,0.42,0.1,0.12
689322.648224166,6017890.06916606,25.81,24.8,0.15,0.07,0.11,0.68
690322.648224166,6017890.06916606,49.14,46.39,0.31,0.3,0.3,1.84
653322.648224166,6016890.06916606,14.27,14.18,0,0,0,0.09
654322.648224166,6016890.06916606,3.98,3.82,0,0,0,0.16
670322.648224166,6016890.06916606,17.61,5.02,0.12,0.56,2.86,9.05
671322.648224166,6016890.06916606,42.21,38.99,0.18,0.58,0.44,2.02
672322.648224166,6016890.06916606,25.39,24.31,0,0.14,0.43,0.51
673322.648224166,6016890.06916606,27.04,22.46,0.65,0.43,0.73,2.77
674322.648224166,6016890.06916606,12.71,11.09,0.03,0.73,0.52,0.34
682322.648224166,6016890.06916606,1.85,1.85,0,0,0,0
686322.648224166,6016890.06916606,6.83,6.83,0,0,0,0
687322.648224166,6016890.06916606,19.18,19.18,0,0,0,0
688322.648224166,6016890.06916606,38.34,36.22,1.48,0.13,0.17,0.34
689322.648224166,6016890.06916606,9.63,8.22,1.11,0,0.24,0.06
690322.648224166,6016890.06916606,30.11,29.23,0,0.6,0.22,0.06
691322.648224166,6016890.06916606,2.99,2.87,0,0.12,0,0
652322.648224166,6015890.06916606,0.16,0.16,0,0,0,0
653322.648224166,6015890.06916606,0.95,0.95,0,0,0,0
654322.648224166,6015890.06916606,18.38,17.54,0.01,0.12,0.68,0.03
665322.648224166,6015890.06916606,0.16,0.16,0,0,0,0
670322.648224166,6015890.06916606,1.72,1.72,0,0,0,0
671322.648224166,6015890.06916606,31.29,28.38,0.32,0.11,0.44,2.04
672322.648224166,6015890.06916606,34.16,30.78,0.27,0.3,0.73,2.08
673322.648224166,6015890.06916606,27.35,23.17,0.17,0.61,0.28,3.12
674322.648224166,6015890.06916606,33.52,30.24,0.15,0.39,1.05,1.69
682322.648224166,6015890.06916606,1.87,1.87,0,0,0,0
686322.648224166,6015890.06916606,24.93,23.71,0.74,0.16,0.21,0.11
687322.648224166,6015890.06916606,61.92,51.26,1.51,2.23,2.25,4.67
688322.648224166,6015890.06916606,36.59,27.66,5.39,1.84,0.5,1.2
689322.648224166,6015890.06916606,5.39,3.18,1.98,0.15,0.01,0.07
690322.648224166,6015890.06916606,12,10.84,0.02,0.02,0.5,0.62
691322.648224166,6015890.06916606,16.44,13.56,1.01,0.64,0.23,1
654322.648224166,6014890.06916606,24.85,13.39,0.01,3.5,6.48,1.47
665322.648224166,6014890.06916606,0.16,0.16,0,0,0,0
668322.648224166,6014890.06916606,1.26,1.26,0,0,0,0
669322.648224166,6014890.06916606,1.76,1.76,0,0,0,0
670322.648224166,6014890.06916606,0.54,0.54,0,0,0,0
673322.648224166,6014890.06916606,0.83,0.83,0,0,0,0
682322.648224166,6014890.06916606,2.13,2.13,0,0,0,0
686322.648224166,6014890.06916606,0.8,0.8,0,0,0,0
687322.648224166,6014890.06916606,48.29,46.08,0.11,0.45,0.53,1.12
688322.648224166,6014890.06916606,14.13,13.3,0.15,0.27,0,0.41
689322.648224166,6014890.06916606,1.28,1.23,0,0.05,0,0
690322.648224166,6014890.06916606,11.31,10.19,0.09,0.09,0.09,0.85
691322.648224166,6014890.06916606,18.19,18,0,0.06,0.03,0.1
692322.648224166,6014890.06916606,2.86,2.51,0,0.35,0,0
654322.648224166,6013890.06916606,24.84,23.67,0.04,0.09,0.38,0.66
662322.648224166,6013890.06916606,0.85,0.7,0,0.01,0.04,0.1
665322.648224166,6013890.06916606,1.35,1.35,0,0,0,0
667322.648224166,6013890.06916606,1.01,1.01,0,0,0,0
668322.648224166,6013890.06916606,4.1,4.1,0,0,0,0
672322.648224166,6013890.06916606,0.28,0.28,0,0,0,0
673322.648224166,6013890.06916606,0.86,0.86,0,0,0,0
682322.648224166,6013890.06916606,0.85,0.85,0,0,0,0
688322.648224166,6013890.06916606,23.43,23.43,0,0,0,0
689322.648224166,6013890.06916606,26.58,26.52,0.02,0,0.01,0.03
690322.648224166,6013890.06916606,6.61,6.6,0,0,0,0.01
691322.648224166,6013890.06916606,24.15,22.47,0,0.25,0.29,1.14
692322.648224166,6013890.06916606,11.7,11.18,0,0.07,0.23,0.22
693322.648224166,6013890.06916606,0.7,0.7,0,0,0,0
654322.648224166,6012890.06916606,23.92,19.21,0.17,0.53,2.47,1.54
662322.648224166,6012890.06916606,2.05,2.04,0,0,0,0.01
663322.648224166,6012890.06916606,5.37,4.12,0,0.02,0.16,1.07
665322.648224166,6012890.06916606,0.44,0.44,0,0,0,0
666322.648224166,6012890.06916606,5.82,5.82,0,0,0,0
667322.648224166,6012890.06916606,0.69,0.69,0,0,0,0
670322.648224166,6012890.06916606,23.52,22.89,0,0,0.06,0.57
671322.648224166,6012890.06916606,8.16,5.78,0.12,0.15,0.37,1.74
672322.648224166,6012890.06916606,2.64,2.64,0,0,0,0
682322.648224166,6012890.06916606,1.31,1.31,0,0,0,0
687322.648224166,6012890.06916606,8.44,8.39,0,0,0,0.05
688322.648224166,6012890.06916606,64.31,64.31,0,0,0,0
689322.648224166,6012890.06916606,25.13,23.38,0.8,0.02,0.44,0.49
690322.648224166,6012890.06916606,0.62,0.6,0,0,0.01,0.01
691322.648224166,6012890.06916606,35.23,29.58,0,0.98,2.61,2.06
654322.648224166,6011890.06916606,20,18.48,0.06,0.29,0.07,1.1
655322.648224166,6011890.06916606,11.73,11.73,0,0,0,0
659322.648224166,6011890.06916606,0.65,0.65,0,0,0,0
663322.648224166,6011890.06916606,4.84,4.81,0,0,0,0.03
664322.648224166,6011890.06916606,1.52,1.43,0,0,0,0.09
665322.648224166,6011890.06916606,2.65,2.65,0,0,0,0
666322.648224166,6011890.06916606,15.67,15.67,0,0,0,0
667322.648224166,6011890.06916606,0.21,0.21,0,0,0,0
688322.648224166,6011890.06916606,10.54,10.54,0,0,0,0
689322.648224166,6011890.06916606,38.56,16.84,20.59,0,0.34,0.79
690322.648224166,6011890.06916606,34.65,18.68,13.57,0.23,1.47,0.7
691322.648224166,6011890.06916606,19.85,19.45,0,0.09,0.23,0.08
692322.648224166,6011890.06916606,10.09,10.04,0,0,0,0.05
694322.648224166,6011890.06916606,0.48,0.48,0,0,0,0
695322.648224166,6011890.06916606,1.01,1.01,0,0,0,0
655322.648224166,6010890.06916606,20.65,20.65,0,0,0,0
656322.648224166,6010890.06916606,28.61,27.93,0.01,0.04,0,0.63
657322.648224166,6010890.06916606,7.67,7.67,0,0,0,0
659322.648224166,6010890.06916606,1.02,1.02,0,0,0,0
666322.648224166,6010890.06916606,0.13,0.13,0,0,0,0
667322.648224166,6010890.06916606,6.08,6.08,0,0,0,0
668322.648224166,6010890.06916606,0.04,0.04,0,0,0,0
689322.648224166,6010890.06916606,3.02,2.52,0.31,0,0.09,0.1
690322.648224166,6010890.06916606,6.31,5.63,0.4,0,0.08,0.2
691322.648224166,6010890.06916606,4.75,2.53,0.12,0.03,0.34,1.73
692322.648224166,6010890.06916606,41.24,41.23,0,0,0,0.01
693322.648224166,6010890.06916606,0.88,0.77,0,0,0,0.11
694322.648224166,6010890.06916606,0.73,0.71,0,0,0,0.02
656322.648224166,6009890.06916606,12.77,11.75,0.02,0.01,0.03,0.96
657322.648224166,6009890.06916606,43.39,38.06,0.05,0.11,0.76,4.41
658322.648224166,6009890.06916606,17.74,17.74,0,0,0,0
659322.648224166,6009890.06916606,0.83,0.83,0,0,0,0
667322.648224166,6009890.06916606,0.21,0.21,0,0,0,0
668322.648224166,6009890.06916606,9.68,9.68,0,0,0,0
669322.648224166,6009890.06916606,0.06,0.06,0,0,0,0
692322.648224166,6009890.06916606,54.04,47.13,0.44,1.49,2.97,2.01
693322.648224166,6009890.06916606,1.38,1.23,0,0.08,0.07,0
657322.648224166,6008890.06916606,0.37,0.37,0,0,0,0
658322.648224166,6008890.06916606,38.54,35.26,0.03,0.59,0.47,2.19
659322.648224166,6008890.06916606,3.91,3.08,0.1,0.2,0.34,0.19
668322.648224166,6008890.06916606,3.14,3.14,0,0,0,0
669322.648224166,6008890.06916606,3.53,3.53,0,0,0,0
670322.648224166,6008890.06916606,0.16,0.16,0,0,0,0
671322.648224166,6008890.06916606,4.7,4.7,0,0,0,0
692322.648224166,6008890.06916606,33.43,28.01,0.09,1.2,2.21,1.92
693322.648224166,6008890.06916606,11.89,9.65,0.07,0.48,0.78,0.91
658322.648224166,6007890.06916606,1.47,1.27,0,0.02,0.01,0.17
659322.648224166,6007890.06916606,24.24,22.86,0.16,0.11,0.34,0.77
660322.648224166,6007890.06916606,8.81,8.81,0,0,0,0
661322.648224166,6007890.06916606,5.44,5.44,0,0,0,0
662322.648224166,6007890.06916606,1.23,1.23,0,0,0,0
663322.648224166,6007890.06916606,8.79,8.71,0,0,0,0.08
664322.648224166,6007890.06916606,0.31,0,0,0,0.09,0.22
665322.648224166,6007890.06916606,10.97,7.75,0,0,0.4,2.82
667322.648224166,6007890.06916606,15.98,13.03,0.01,0.39,1.03,1.52
668322.648224166,6007890.06916606,56.78,56.57,0,0.07,0.09,0.05
669322.648224166,6007890.06916606,61.78,57.64,0.11,0.35,2.51,1.17
670322.648224166,6007890.06916606,52.77,52.34,0.08,0.15,0.03,0.17
671322.648224166,6007890.06916606,25.94,23.39,1.17,0,0.27,1.11
692322.648224166,6007890.06916606,3.76,2.52,0,0.43,0.13,0.68
693322.648224166,6007890.06916606,24.38,20.73,0.08,2.68,0.2,0.69
660322.648224166,6006890.06916606,0.07,0.07,0,0,0,0
661322.648224166,6006890.06916606,3.32,3.32,0,0,0,0
662322.648224166,6006890.06916606,4.82,4.82,0,0,0,0
663322.648224166,6006890.06916606,9.89,9.2,0,0,0.01,0.68
664322.648224166,6006890.06916606,67.35,67.01,0,0,0.01,0.33
665322.648224166,6006890.06916606,76.55,74.28,0,0.08,0.39,1.8
666322.648224166,6006890.06916606,51.87,51.62,0,0.02,0.17,0.06
667322.648224166,6006890.06916606,60.6,52.43,0.06,0,2.86,5.25
668322.648224166,6006890.06916606,57.48,56.32,0.03,0.44,0.33,0.36
669322.648224166,6006890.06916606,45.1,38.67,0.29,0.48,2.18,3.48
670322.648224166,6006890.06916606,37.19,35.44,0.23,0.25,0.48,0.79
671322.648224166,6006890.06916606,69.81,68.59,0.18,0.21,0.18,0.65
672322.648224166,6006890.06916606,27.16,26.58,0.04,0.05,0.1,0.39
673322.648224166,6006890.06916606,0.3,0.25,0,0,0.01,0.04
693322.648224166,6006890.06916606,25.42,21.96,0.7,0.92,1.31,0.53
665322.648224166,6005890.06916606,4.88,4.82,0,0.06,0,0
666322.648224166,6005890.06916606,32.34,28.18,0.2,0.26,0.36,3.34
667322.648224166,6005890.06916606,3.07,3,0,0,0,0.07
671322.648224166,6005890.06916606,15.79,15.03,0.26,0.29,0.1,0.11
672322.648224166,6005890.06916606,38.01,37.05,0.25,0.3,0.14,0.27
673322.648224166,6005890.06916606,82.61,81.84,0.25,0.12,0.26,0.14
674322.648224166,6005890.06916606,32.07,25.22,0.35,0.51,3.73,2.26
675322.648224166,6005890.06916606,2.02,1.16,0,0,0.39,0.47
677322.648224166,6005890.06916606,0.32,0.32,0,0,0,0
693322.648224166,6005890.06916606,20.13,19.65,0,0.02,0.08,0.38
694322.648224166,6005890.06916606,0.26,0.26,0,0,0,0
672322.648224166,6004890.06916606,0.52,0,0.38,0,0,0.14
673322.648224166,6004890.06916606,14.28,12.68,0.17,0.31,0.26,0.86
674322.648224166,6004890.06916606,24.93,7.33,2.53,1.08,6.02,7.97
675322.648224166,6004890.06916606,55.84,38.2,0,0.01,5.77,11.86
676322.648224166,6004890.06916606,8.29,5.79,0.15,0.19,0.98,1.18
693322.648224166,6004890.06916606,0.54,0.54,0,0,0,0
694322.648224166,6004890.06916606,14.17,14.17,0,0,0,0
675322.648224166,6003890.06916606,5.95,5.6,0,0.01,0.17,0.17
676322.648224166,6003890.06916606,27.49,20.05,0,0,1.43,6.01
694322.648224166,6003890.06916606,9.53,9.37,0,0,0,0.16
695322.648224166,6003890.06916606,11.12,9.3,0.06,0.33,0.32,1.11
676322.648224166,6002890.06916606,0.11,0.11,0,0,0,0
677322.648224166,6002890.06916606,5.66,5.66,0,0,0,0
678322.648224166,6002890.06916606,6.7,6.7,0,0,0,0
679322.648224166,6002890.06916606,13.39,13.18,0,0,0,0.21
680322.648224166,6002890.06916606,0.03,0.03,0,0,0,0
695322.648224166,6002890.06916606,28.04,23.39,0.34,0.31,0.79,3.21
696322.648224166,6002890.06916606,0.27,0.09,0.01,0.03,0,0.14
679322.648224166,6001890.06916606,0.11,0.11,0,0,0,0
680322.648224166,6001890.06916606,33.86,21.61,2.56,1.51,3.58,4.6
681322.648224166,6001890.06916606,26.12,22.67,0.23,0.9,0.71,1.61
682322.648224166,6001890.06916606,2.25,1.82,0.08,0.08,0.14,0.13
683322.648224166,6001890.06916606,3.58,2.94,0.02,0.15,0.35,0.12
684322.648224166,6001890.06916606,11.72,2.98,0.36,0.07,1.97,6.34
695322.648224166,6001890.06916606,19.54,17.79,0.07,0.31,0.34,1.03
696322.648224166,6001890.06916606,26.95,24.15,0.24,0.25,0.64,1.67
681322.648224166,6000890.06916606,6.76,6.56,0,0.01,0.07,0.12
682322.648224166,6000890.06916606,27.59,25.82,0.12,0.21,0.53,0.91
683322.648224166,6000890.06916606,22.07,18.8,0.18,0.18,1.05,1.86
684322.648224166,6000890.06916606,0.84,0.05,0.07,0,0.13,0.59
